Required age,Price,Windows,Mac,Linux,num_idiomas,num_generos,año_lanzamiento,mes_lanzamiento,lanzamiento_navidad,dev_exito_promedio,dev_volumen_juegos,pub_exito_promedio,pub_volumen_juegos,juegos_publicados_historico,tipo_estudio,es_autoeditado,es_top_publisher
0,0.0,1,0,0,18,2,2026,8,0,0.24586020987773177,0.0,0.24586020987773177,0.0,0.0,0.0,0,0
0,0.0,1,0,0,5,4,2026,8,0,0.27866263117358236,3.0,0.27866263117358236,3.0,3.0,0.0,1,0
0,0.0,1,0,0,12,3,2026,8,0,0.31847157848409413,2.0,0.31847157848409413,2.0,2.0,0.0,1,0
0,35.99,1,0,0,12,4,2026,8,0,0.5382168415647764,1.0,1.2268296025447822,93.0,1.0,0.0,0,0
0,0.0,1,0,0,10,5,2026,8,0,0.3715501748981098,1.0,0.3715501748981098,1.0,1.0,0.0,1,0
18,49.99,1,0,0,15,2,2026,8,0,0.5382168415647764,1.0,1.0134882970228623,12.0,1.0,0.0,0,0
0,0.0,1,1,0,11,3,2026,8,0,0.4568616267615016,94.0,0.32406000677024943,150.0,94.0,2.0,1,0
0,0.0,1,0,0,10,6,2026,8,0,0.24586020987773177,0.0,0.24586020987773177,0.0,0.0,0.0,1,0
0,0.0,1,0,0,15,2,2026,8,0,0.20488350823144316,1.0,0.24586020987773177,0.0,1.0,0.0,0,0
0,0.0,1,0,0,18,3,2026,8,0,0.24586020987773177,0.0,0.24586020987773177,0.0,0.0,0.0,1,0
0,0.0,1,0,0,12,4,2026,8,0,0.24586020987773177,0.0,0.24586020987773177,0.0,0.0,0.0,1,0
0,0.0,1,0,0,1,2,2026,8,0,0.24586020987773177,0.0,0.24586020987773177,0.0,0.0,0.0,1,0
0,0.0,1,0,0,1,3,2026,8,0,0.24586020987773177,0.0,0.09456161918374299,8.0,0.0,0.0,0,0
0,0.0,1,0,0,3,3,2026,8,0,0.24586020987773177,0.0,0.24586020987773177,0.0,0.0,0.0,1,0
0,0.0,1,0,0,10,5,2026,8,0,0.24586020987773177,0.0,0.24586020987773177,0.0,0.0,0.0,1,0
0,0.0,1,0,0,9,3,2026,8,0,0.20488350823144316,1.0,0.24586020987773177,0.0,1.0,0.0,1,0
0,0.0,1,1,1,20,5,2026,8,0,0.31847157848409413,2.0,0.2477001165987399,4.0,2.0,0.0,0,0
0,0.0,1,0,0,8,3,2026,9,0,0.17561443562695128,2.0,0.17561443562695128,2.0,2.0,0.0,1,0
0,0.0,1,1,1,23,3,2026,8,0,0.24586020987773177,0.0,0.9691720419755464,20.0,0.0,0.0,0,0
0,0.0,1,0,0,9,4,2026,8,0,0.20488350823144316,1.0,0.20488350823144316,1.0,1.0,0.0,1,0
0,49.99,1,0,0,11,1,2026,8,0,0.24586020987773177,0.0,1.3647524278176504,119.0,0.0,0.0,0,1
0,0.0,1,1,0,23,2,2026,8,0,1.2819534032925772,10.0,1.2306643606706185,9.0,10.0,1.0,1,0
0,0.0,1,0,0,20,2,2026,8,0,0.31847157848409413,2.0,0.24586020987773177,0.0,2.0,0.0,1,0
0,0.0,1,0,0,1,3,2026,8,0,0.24586020987773177,0.0,0.24586020987773177,0.0,0.0,0.0,1,0
0,0.0,1,0,0,9,2,2026,8,0,0.24586020987773177,0.0,0.6467864113358481,17.0,0.0,0.0,0,0
0,0.0,1,0,0,7,3,2026,8,0,0.20488350823144316,1.0,0.20488350823144316,1.0,1.0,0.0,1,0
0,53.99,1,0,0,4,2,2026,8,0,0.41022145355687284,37.0,0.7204883508231443,55.0,37.0,1.0,0,0
0,0.0,1,0,0,1,2,2026,8,0,0.40366263117358236,3.0,0.4699223388209621,4.0,3.0,0.0,1,0
0,0.0,1,1,1,29,3,2026,8,0,0.24586020987773177,0.0,0.24586020987773177,0.0,0.0,0.0,1,0
0,0.0,1,0,0,1,4,2026,8,0,0.24586020987773177,0.0,0.24586020987773177,0.0,0.0,0.0,1,0
0,0.0,1,0,0,3,4,2026,8,0,0.24586020987773177,0.0,0.24586020987773177,0.0,0.0,0.0,1,0
0,0.0,1,0,0,9,3,2026,8,0,0.17561443562695128,2.0,0.10244175411572158,7.0,2.0,0.0,0,0
0,0.0,1,0,0,16,2,2026,8,0,0.24586020987773177,0.0,0.24586020987773177,0.0,0.0,0.0,1,0
0,0.0,1,0,0,2,4,2026,8,0,0.24586020987773177,0.0,0.2229301049388659,5.0,0.0,0.0,0,0
18,69.99,1,0,0,22,2,2026,10,0,0.461328721341237,2.0,1.4670913195563573,64.0,2.0,0.0,0,1
0,0.0,1,0,0,12,2,2026,8,0,0.24586020987773177,0.0,0.40366263117358236,3.0,0.0,0.0,0,0
0,0.0,1,0,0,12,4,2026,8,0,0.20488350823144316,1.0,0.24586020987773177,0.0,1.0,0.0,0,0
0,0.0,1,0,0,15,2,2026,8,0,0.20488350823144316,1.0,0.24586020987773177,0.0,1.0,0.0,0,0
0,0.0,1,0,0,30,4,2026,8,0,0.24586020987773177,0.0,0.24586020987773177,0.0,0.0,0.0,1,0
0,0.0,1,0,0,13,4,2026,8,0,0.24586020987773177,0.0,0.24586020987773177,0.0,0.0,0.0,1,0
0,0.0,1,1,0,3,5,2026,8,0,0.24586020987773177,0.0,0.24586020987773177,0.0,0.0,0.0,1,0
0,0.0,1,0,1,7,3,2026,8,0,0.24586020987773177,0.0,0.24586020987773177,0.0,0.0,0.0,0,0
0,0.0,1,0,0,1,3,2026,8,0,0.20488350823144316,1.0,0.20488350823144316,1.0,1.0,0.0,1,0
16,0.0,1,0,0,7,1,2026,8,0,0.5382168415647764,1.0,1.148620069959244,10.0,1.0,0.0,0,0
0,0.0,1,0,0,3,2,2026,8,0,0.24586020987773177,0.0,0.24586020987773177,0.0,0.0,0.0,1,0
0,0.0,1,0,0,3,3,2026,8,0,0.24586020987773177,0.0,0.24586020987773177,0.0,0.0,0.0,1,0
0,69.99,1,0,0,21,2,2026,9,0,0.35881122770985097,4.0,1.3647524278176504,119.0,4.0,0.0,0,1
18,69.99,1,0,0,15,3,2026,9,0,0.24586020987773177,0.0,1.1658139430277759,117.0,0.0,0.0,0,0
0,0.0,1,1,1,13,2,2026,8,0,0.24586020987773177,0.0,0.24586020987773177,0.0,0.0,0.0,1,0
0,0.0,1,0,0,2,3,2026,8,0,0.20488350823144316,1.0,0.16996321312571888,14.0,1.0,0.0,0,0
0,0.0,1,1,0,1,2,2026,8,0,0.24586020987773177,0.0,0.24586020987773177,0.0,0.0,0.0,1,0
0,0.0,1,1,0,17,4,2026,8,0,0.24586020987773177,0.0,0.24586020987773177,0.0,0.0,0.0,1,0
0,49.99,1,0,0,15,2,2026,8,0,1.010422774972212,17.0,1.009554210391194,19.0,17.0,1.0,1,0
0,0.0,1,0,0,12,4,2026,8,0,0.17561443562695128,2.0,0.20488350823144316,1.0,2.0,0.0,0,0
0,0.0,1,0,0,13,4,2026,8,0,0.20488350823144316,1.0,0.20488350823144316,1.0,1.0,0.0,1,0
0,0.0,1,0,0,6,3,2026,8,0,0.24586020987773177,0.0,0.24586020987773177,0.0,0.0,0.0,0,0
0,0.0,1,0,0,12,3,2026,8,0,0.24586020987773177,0.0,0.24586020987773177,0.0,0.0,0.0,1,0
0,0.0,1,0,0,8,1,2026,8,0,0.24586020987773177,0.0,0.24586020987773177,0.0,0.0,0.0,0,0
0,0.0,1,0,0,12,3,2026,8,0,0.1857750874490549,7.0,0.20266373176260535,6.0,7.0,0.0,1,0
0,0.0,1,0,0,10,2,2026,8,0,0.3715501748981098,1.0,0.4791770037991276,8.0,1.0,0.0,0,0
0,0.0,1,0,0,2,1,2026,8,0,0.10615719282803138,16.0,0.646951804453369,51.0,16.0,1.0,0,0
0,0.0,1,0,0,6,5,2026,8,0,0.24586020987773177,0.0,0.24586020987773177,0.0,0.0,0.0,1,0
0,0.0,1,1,0,4,3,2026,8,0,0.24586020987773177,0.0,0.24586020987773177,0.0,0.0,0.0,0,0
0,0.0,1,0,0,18,4,2026,8,0,0.24586020987773177,0.0,0.24586020987773177,0.0,0.0,0.0,1,0
0,0.0,1,0,0,14,2,2026,8,0,0.24586020987773177,0.0,0.24586020987773177,0.0,0.0,0.0,1,0
0,0.0,1,0,0,11,2,2026,8,0,0.24586020987773177,0.0,0.24586020987773177,0.0,0.0,0.0,1,0
18,49.99,1,0,0,6,2,2026,8,0,1.0696656577933956,27.0,0.9349879491273907,53.0,27.0,1.0,1,1
0,0.0,1,0,0,9,4,2026,8,0,0.24586020987773177,0.0,0.26146505246943297,15.0,0.0,0.0,0,0
0,0.0,1,0,0,1,3,2026,8,0,0.24586020987773177,0.0,0.24586020987773177,0.0,0.0,0.0,1,0
0,0.0,1,1,0,1,1,2026,8,0,0.24586020987773177,0.0,0.24586020987773177,0.0,0.0,0.0,1,0
0,0.0,1,0,0,30,4,2026,8,0,0.17561443562695128,2.0,0.17561443562695128,2.0,2.0,0.0,1,0
0,0.0,1,0,0,19,4,2026,8,0,0.24586020987773177,0.0,0.17561443562695128,2.0,0.0,0.0,0,0
0,0.0,1,0,0,1,2,2026,8,0,0.24586020987773177,0.0,0.24586020987773177,0.0,0.0,0.0,1,0
0,0.0,1,0,0,12,3,2026,8,0,0.24586020987773177,0.0,0.24586020987773177,0.0,0.0,0.0,1,0
0,0.0,1,0,0,12,3,2026,8,0,0.17561443562695128,2.0,0.20488350823144316,1.0,2.0,0.0,0,0
0,0.0,1,0,0,6,3,2026,8,0,0.24586020987773177,0.0,0.5382168415647764,1.0,0.0,0.0,0,0
0,0.0,1,0,0,2,2,2026,8,0,0.24586020987773177,0.0,0.24586020987773177,0.0,0.0,0.0,1,0
0,0.0,1,0,0,3,3,2026,8,0,0.24586020987773177,0.0,0.40077108024707,33.0,0.0,0.0,0,0
0,0.0,1,0,0,1,3,2026,8,0,0.461328721341237,2.0,0.7306643606706186,9.0,2.0,0.0,0,0
0,0.0,1,1,1,10,3,2026,8,0,0.24586020987773177,0.0,0.24586020987773177,0.0,0.0,0.0,1,0
0,0.0,1,0,0,3,2,2026,8,0,0.24586020987773177,0.0,0.38448191358078715,6.0,0.0,0.0,0,0
0,0.0,1,1,1,10,4,2026,8,0,0.24586020987773177,0.0,0.1857750874490549,7.0,0.0,0.0,0,0
0,0.0,1,0,0,16,3,2026,8,0,0.24586020987773177,0.0,0.24586020987773177,0.0,0.0,0.0,1,0
0,0.0,1,0,0,2,6,2026,8,0,0.24586020987773177,0.0,0.24586020987773177,0.0,0.0,0.0,1,0
0,0.0,1,0,0,2,4,2026,8,0,0.5382168415647764,1.0,1.0396548725609245,26.0,1.0,0.0,0,0
0,0.0,1,0,0,5,2,2026,8,0,0.24586020987773177,0.0,0.8735215035277614,9.0,0.0,0.0,0,0
0,0.0,1,0,0,1,4,2026,8,0,0.24586020987773177,0.0,0.24586020987773177,0.0,0.0,0.0,1,0
0,0.0,1,0,0,2,4,2026,8,0,0.3715501748981098,1.0,0.24586020987773177,0.0,1.0,0.0,1,0
0,0.0,1,0,1,23,4,2027,1,0,0.24586020987773177,0.0,0.24586020987773177,0.0,0.0,0.0,1,0
0,0.0,1,0,0,12,5,2026,8,0,0.20488350823144316,1.0,0.20488350823144316,1.0,1.0,0.0,1,0
0,0.0,1,0,0,8,3,2026,8,0,0.32293010493886587,5.0,0.2477001165987399,4.0,5.0,0.0,1,0
0,0.0,1,0,0,103,2,2026,8,0,0.026723935856275194,41.0,0.06470005523098205,14.0,41.0,1.0,1,0
0,0.0,1,0,0,2,3,2026,8,0,0.24586020987773177,0.0,0.24586020987773177,0.0,0.0,0.0,1,0
0,0.0,1,0,0,1,4,2026,8,0,0.24586020987773177,0.0,0.24586020987773177,0.0,0.0,0.0,1,0
0,0.0,1,1,1,3,4,2026,8,0,0.24586020987773177,0.0,0.24586020987773177,0.0,0.0,0.0,1,0
0,0.0,1,1,0,2,4,2026,8,0,0.24586020987773177,0.0,0.24586020987773177,0.0,0.0,0.0,1,0
0,0.0,1,1,0,4,4,2026,8,0,0.3715501748981098,1.0,0.3715501748981098,1.0,1.0,0.0,1,0
0,0.0,1,1,0,18,2,2026,8,0,0.24586020987773177,0.0,0.24586020987773177,0.0,0.0,0.0,1,0
0,0.0,1,0,0,1,4,2026,8,0,0.20488350823144316,1.0,0.20488350823144316,1.0,1.0,0.0,1,0
0,0.0,1,0,0,2,4,2026,8,0,0.24586020987773177,0.0,0.24586020987773177,0.0,0.0,0.0,1,0
0,0.0,1,0,0,2,4,2026,8,0,0.20488350823144316,1.0,0.20488350823144316,1.0,1.0,0.0,1,0
0,0.0,1,0,0,7,5,2026,8,0,0.24586020987773177,0.0,0.24586020987773177,0.0,0.0,0.0,0,0
0,0.0,1,1,1,18,2,2026,8,0,0.10244175411572158,7.0,0.1714846961068199,8.0,7.0,0.0,1,0
0,0.0,1,0,0,1,2,2026,8,0,0.20488350823144316,1.0,0.20488350823144316,1.0,1.0,0.0,1,0
0,0.0,1,1,0,12,3,2026,8,0,0.24586020987773177,0.0,0.24586020987773177,0.0,0.0,0.0,1,0
0,0.0,1,0,0,1,2,2026,8,0,0.24586020987773177,0.0,0.24586020987773177,0.0,0.0,0.0,1,0
0,0.0,1,0,0,6,1,2026,8,0,0.24586020987773177,0.0,0.24586020987773177,0.0,0.0,0.0,1,0
0,0.0,1,0,0,1,3,2026,8,0,0.20488350823144316,1.0,0.20488350823144316,1.0,1.0,0.0,1,0
0,0.0,1,0,0,15,5,2026,8,0,0.24586020987773177,0.0,0.24586020987773177,0.0,0.0,0.0,1,0
0,0.0,1,0,0,10,5,2026,8,0,0.24586020987773177,0.0,0.24586020987773177,0.0,0.0,0.0,1,0
0,0.0,1,0,0,103,2,2026,8,0,0.20488350823144316,1.0,0.20488350823144316,1.0,1.0,0.0,0,0
0,0.0,1,0,0,8,4,2026,8,0,0.24586020987773177,0.0,0.24586020987773177,0.0,0.0,0.0,1,0
0,0.0,1,0,0,2,2,2026,8,0,0.20488350823144316,1.0,0.20488350823144316,1.0,1.0,0.0,1,0
0,0.0,1,0,0,14,2,2026,8,0,0.24586020987773177,0.0,0.24586020987773177,0.0,0.0,0.0,1,0
0,0.0,1,0,0,6,4,2026,8,0,0.24586020987773177,0.0,0.24586020987773177,0.0,0.0,0.0,1,0
0,0.0,1,0,0,9,4,2026,8,0,0.17561443562695128,2.0,0.17561443562695128,2.0,2.0,0.0,1,0
0,0.0,1,0,0,15,7,2026,8,0,0.24586020987773177,0.0,0.24586020987773177,0.0,0.0,0.0,1,0
0,0.0,1,1,1,1,3,2026,8,0,0.24586020987773177,0.0,0.24586020987773177,0.0,0.0,0.0,1,0
0,0.0,1,1,0,9,2,2026,8,0,0.24586020987773177,0.0,0.24586020987773177,0.0,0.0,0.0,1,0
0,0.0,1,1,1,1,3,2026,8,0,0.24586020987773177,0.0,0.24586020987773177,0.0,0.0,0.0,1,0
0,0.0,1,0,0,6,3,2026,8,0,0.24586020987773177,0.0,0.5236404047959358,47.0,0.0,0.0,0,0
0,0.0,1,0,0,2,4,2026,8,0,0.24586020987773177,0.0,0.24586020987773177,0.0,0.0,0.0,1,0
0,0.0,1,1,1,1,3,2026,8,0,0.24586020987773177,0.0,0.24586020987773177,0.0,0.0,0.0,1,0
0,0.0,1,0,0,1,3,2026,8,0,0.17561443562695128,2.0,0.17561443562695128,2.0,2.0,0.0,1,0
0,0.0,1,0,0,10,4,2026,8,0,0.24586020987773177,0.0,0.2477001165987399,4.0,0.0,0.0,1,0
0,0.0,1,1,1,1,2,2026,8,0,0.24586020987773177,0.0,0.24586020987773177,0.0,0.0,0.0,0,0
0,0.0,1,0,0,3,2,2026,8,0,0.24586020987773177,0.0,0.24586020987773177,0.0,0.0,0.0,1,0
0,0.0,1,0,0,1,4,2026,8,0,0.24586020987773177,0.0,0.24586020987773177,0.0,0.0,0.0,1,0
0,0.0,1,0,0,4,3,2026,8,0,0.24586020987773177,0.0,0.24586020987773177,0.0,0.0,0.0,1,0
18,0.0,1,0,0,1,3,2026,8,0,0.13658900548762876,4.0,0.13658900548762876,4.0,4.0,0.0,0,0
0,0.0,1,0,0,1,3,2026,8,0,0.20488350823144316,1.0,0.24586020987773177,0.0,1.0,0.0,0,0
0,0.0,1,0,0,8,1,2026,8,0,0.45718339163270333,13.0,0.45718339163270333,13.0,13.0,1.0,1,0
0,0.0,1,0,1,1,1,2026,8,0,0.24586020987773177,0.0,0.24586020987773177,0.0,0.0,0.0,1,0
0,0.0,1,0,0,13,3,2026,8,0,0.24586020987773177,0.0,0.24586020987773177,0.0,0.0,0.0,1,0
0,0.0,1,0,0,10,5,2026,9,0,0.24586020987773177,0.0,0.24586020987773177,0.0,0.0,0.0,1,0
0,0.0,1,0,0,2,1,2026,8,0,0.24586020987773177,0.0,0.24586020987773177,0.0,0.0,0.0,1,0
0,0.0,1,0,1,1,3,2026,8,0,0.20488350823144316,1.0,0.20488350823144316,1.0,1.0,0.0,1,0
0,0.0,1,0,0,1,4,2026,8,0,0.43949052616136475,16.0,0.1857750874490549,7.0,16.0,1.0,1,0
0,0.0,1,0,1,8,3,2026,8,0,0.24586020987773177,0.0,0.24586020987773177,0.0,0.0,0.0,1,0
0,0.0,1,0,0,5,2,2027,1,0,0.24586020987773177,0.0,0.24586020987773177,0.0,0.0,0.0,0,0
0,0.0,1,0,0,13,4,2026,8,0,0.20488350823144316,1.0,0.20488350823144316,1.0,1.0,0.0,1,0
0,0.0,1,0,0,1,2,2026,8,0,0.24586020987773177,0.0,0.24586020987773177,0.0,0.0,0.0,1,0
0,0.0,1,0,0,17,3,2026,8,0,0.5317087412777678,18.0,0.20488350823144316,1.0,18.0,1.0,1,0
0,0.0,1,0,0,1,3,2026,8,0,0.20488350823144316,1.0,0.20488350823144316,1.0,1.0,0.0,1,0
0,0.0,1,0,0,11,1,2026,8,0,0.24586020987773177,0.0,0.24586020987773177,0.0,0.0,0.0,1,0
0,0.0,1,0,0,11,1,2026,8,0,0.24586020987773177,0.0,0.24586020987773177,0.0,0.0,0.0,1,0
0,0.0,1,0,0,13,5,2026,8,0,0.24586020987773177,0.0,0.24586020987773177,0.0,0.0,0.0,1,0
0,0.0,1,0,1,1,2,2026,8,0,0.27866263117358236,3.0,0.27866263117358236,3.0,3.0,0.0,1,0
0,0.0,1,0,0,9,2,2026,8,0,0.24586020987773177,0.0,0.24586020987773177,0.0,0.0,0.0,1,0
0,0.0,1,0,0,1,1,2026,8,0,0.24586020987773177,0.0,0.24586020987773177,0.0,0.0,0.0,1,0
0,0.0,1,0,0,7,1,2026,8,0,0.24586020987773177,0.0,0.24586020987773177,0.0,0.0,0.0,1,0
0,0.0,1,1,0,2,3,2026,8,0,0.20488350823144316,1.0,0.24586020987773177,0.0,1.0,0.0,1,0
0,0.0,1,0,0,10,4,2026,8,0,0.24586020987773177,0.0,0.24586020987773177,0.0,0.0,0.0,1,0
0,0.0,1,0,0,12,6,2026,8,0,0.24586020987773177,0.0,0.24586020987773177,0.0,0.0,0.0,1,0
0,49.99,1,0,0,17,2,2026,8,0,0.9299364590353327,6.0,1.496076826802734,64.0,6.0,0.0,0,1
0,0.0,1,0,0,1,3,2026,8,0,0.24586020987773177,0.0,0.24586020987773177,0.0,0.0,0.0,1,0
0,0.0,1,0,0,7,2,2026,8,0,0.10615719282803138,16.0,0.10615719282803138,16.0,16.0,1.0,1,0
0,0.0,1,1,0,15,3,2026,8,0,0.24586020987773177,0.0,0.24586020987773177,0.0,0.0,0.0,1,0
0,69.99,1,0,0,1,2,2026,8,0,0.5286626311735824,3.0,1.3647524278176504,119.0,3.0,0.0,0,1
0,0.0,1,0,0,1,5,2026,8,0,0.24586020987773177,0.0,0.24586020987773177,0.0,0.0,0.0,1,0
0,0.0,1,1,1,1,3,2026,8,0,0.24586020987773177,0.0,0.24586020987773177,0.0,0.0,0.0,1,0
0,0.0,1,0,0,3,1,2026,8,0,0.24586020987773177,0.0,0.24586020987773177,0.0,0.0,0.0,1,0
0,0.0,1,0,0,1,3,2026,8,0,0.24586020987773177,0.0,0.24586020987773177,0.0,0.0,0.0,1,0
0,0.0,1,1,1,18,7,2026,8,0,0.24586020987773177,0.0,0.24586020987773177,0.0,0.0,0.0,1,0
0,0.0,1,0,0,2,3,2026,8,0,0.24586020987773177,0.0,0.24586020987773177,0.0,0.0,0.0,1,0
0,0.0,1,0,0,11,2,2026,8,0,0.17561443562695128,2.0,0.17561443562695128,2.0,2.0,0.0,0,0
0,0.0,1,0,0,12,2,2026,8,0,0.24586020987773177,0.0,0.24586020987773177,0.0,0.0,0.0,1,0
0,0.0,1,0,0,3,3,2026,8,0,0.24586020987773177,0.0,0.24586020987773177,0.0,0.0,0.0,1,0
0,0.0,1,0,0,2,5,2026,8,0,0.17561443562695128,2.0,0.17561443562695128,2.0,2.0,0.0,1,0
0,0.0,1,0,0,6,3,2026,8,0,0.20488350823144316,1.0,0.24586020987773177,0.0,1.0,0.0,1,0
0,0.0,1,0,0,1,4,2026,8,0,0.24586020987773177,0.0,0.24586020987773177,0.0,0.0,0.0,0,0
0,0.0,1,0,0,12,5,2026,8,0,0.7786626311735824,3.0,0.7786626311735824,3.0,3.0,0.0,1,0
0,0.0,1,0,0,3,4,2026,8,0,0.24586020987773177,0.0,0.24586020987773177,0.0,0.0,0.0,1,0
0,0.0,1,0,0,8,1,2026,8,0,0.24586020987773177,0.0,0.24586020987773177,0.0,0.0,0.0,1,0
0,0.0,1,0,0,1,3,2026,8,0,0.24586020987773177,0.0,0.24586020987773177,0.0,0.0,0.0,1,0
0,0.0,1,1,0,8,3,2026,8,0,0.24586020987773177,0.0,0.17561443562695128,2.0,0.0,0.0,0,0
0,0.0,1,0,0,1,3,2026,8,0,0.5382168415647764,1.0,0.5382168415647764,1.0,1.0,0.0,1,0
0,0.0,1,1,0,4,4,2026,8,0,0.24586020987773177,0.0,0.24586020987773177,0.0,0.0,0.0,1,0
0,0.0,1,1,0,12,1,2026,8,0,0.24586020987773177,0.0,0.24586020987773177,0.0,0.0,0.0,1,0
0,0.0,1,0,0,11,2,2026,8,0,0.24586020987773177,0.0,0.24586020987773177,0.0,0.0,0.0,1,0
0,0.0,1,0,0,1,2,2026,8,0,0.24586020987773177,0.0,0.24586020987773177,0.0,0.0,0.0,0,0
0,0.0,1,0,1,10,3,2026,8,0,0.24586020987773177,0.0,0.3893313155867912,11.0,0.0,0.0,0,0
0,0.0,1,1,1,1,2,2026,8,0,0.24586020987773177,0.0,0.24586020987773177,0.0,0.0,0.0,1,0
0,0.0,1,0,0,2,3,2026,8,0,0.24586020987773177,0.0,0.24586020987773177,0.0,0.0,0.0,1,0
0,0.0,1,1,1,3,3,2026,8,0,0.24586020987773177,0.0,0.24586020987773177,0.0,0.0,0.0,1,0
0,0.0,1,0,1,6,6,2026,8,0,0.24586020987773177,0.0,0.24586020987773177,0.0,0.0,0.0,1,0
0,0.0,1,0,0,6,4,2026,8,0,0.24586020987773177,0.0,0.24586020987773177,0.0,0.0,0.0,1,0
0,0.0,1,0,1,1,3,2026,8,0,0.20488350823144316,1.0,0.24586020987773177,0.0,1.0,0.0,0,0
0,0.0,1,0,0,11,4,2026,8,0,0.24586020987773177,0.0,0.24586020987773177,0.0,0.0,0.0,1,0
0,0.0,1,0,0,30,5,2026,8,0,0.24586020987773177,0.0,0.24586020987773177,0.0,0.0,0.0,0,0
0,0.0,1,0,0,14,7,2026,8,0,0.24586020987773177,0.0,0.24586020987773177,0.0,0.0,0.0,1,0
0,0.0,1,0,1,1,2,2026,8,0,0.24586020987773177,0.0,0.24586020987773177,0.0,0.0,0.0,1,0
0,0.0,1,0,0,1,4,2026,8,0,0.20488350823144316,1.0,0.20488350823144316,1.0,1.0,0.0,1,0
0,0.0,1,1,0,1,3,2026,8,0,0.24586020987773177,0.0,0.24586020987773177,0.0,0.0,0.0,1,0
0,0.0,1,0,0,1,4,2026,8,0,0.24586020987773177,0.0,0.24586020987773177,0.0,0.0,0.0,1,0
0,0.0,1,0,0,16,4,2026,8,0,0.24586020987773177,0.0,0.24586020987773177,0.0,0.0,0.0,1,0
0,0.0,1,0,0,11,2,2026,8,0,0.24586020987773177,0.0,0.8893313155867912,11.0,0.0,0.0,0,0
0,0.0,1,0,0,1,2,2026,8,0,0.24586020987773177,0.0,0.15366263117358236,3.0,0.0,0.0,0,0
0,0.0,1,1,1,1,2,2026,8,0,0.24586020987773177,0.0,0.24586020987773177,0.0,0.0,0.0,0,0
0,0.0,1,0,0,15,2,2026,10,0,0.24586020987773177,0.0,0.24586020987773177,0.0,0.0,0.0,0,0
0,0.0,1,0,0,1,2,2026,8,0,0.24586020987773177,0.0,0.24586020987773177,0.0,0.0,0.0,1,0
0,0.0,1,0,0,1,7,2026,8,0,0.24586020987773177,0.0,0.24586020987773177,0.0,0.0,0.0,1,0
0,0.0,1,1,0,11,2,2026,8,0,0.24586020987773177,0.0,0.24586020987773177,0.0,0.0,0.0,1,0
0,0.0,1,0,0,1,2,2026,8,0,0.24586020987773177,0.0,0.24586020987773177,0.0,0.0,0.0,1,0
0,0.0,1,1,0,4,2,2026,8,0,0.2229301049388659,5.0,0.20488350823144316,1.0,5.0,0.0,0,0
0,0.0,1,0,0,4,4,2026,8,0,0.24586020987773177,0.0,0.24586020987773177,0.0,0.0,0.0,1,0
0,0.0,1,0,0,11,2,2026,8,0,0.24586020987773177,0.0,0.24586020987773177,0.0,0.0,0.0,1,0
0,0.0,1,0,1,2,2,2026,8,0,0.24586020987773177,0.0,0.24586020987773177,0.0,0.0,0.0,1,0
0,0.0,1,1,0,11,5,2026,8,0,0.24586020987773177,0.0,0.24586020987773177,0.0,0.0,0.0,1,0
0,0.0,1,0,0,14,4,2026,8,0,0.24586020987773177,0.0,0.24586020987773177,0.0,0.0,0.0,0,0
0,0.0,1,1,0,1,4,2026,8,0,0.24586020987773177,0.0,0.24586020987773177,0.0,0.0,0.0,1,0
0,0.0,1,1,1,1,1,2026,8,0,0.24586020987773177,0.0,0.24586020987773177,0.0,0.0,0.0,0,0
0,0.0,1,0,0,5,4,2026,8,0,0.3020929320991899,9.0,0.3020929320991899,9.0,9.0,0.0,1,0
0,0.0,1,0,0,9,4,2026,8,0,0.24586020987773177,0.0,0.24586020987773177,0.0,0.0,0.0,1,0
0,0.0,1,0,0,3,1,2026,8,0,0.3715501748981098,1.0,0.11175464085351444,6.0,1.0,0.0,0,0
0,0.0,1,0,0,9,3,2026,8,0,0.24586020987773177,0.0,0.24586020987773177,0.0,0.0,0.0,1,0
0,0.0,1,1,0,13,3,2026,8,0,0.24586020987773177,0.0,0.24586020987773177,0.0,0.0,0.0,1,0
0,0.0,1,0,0,31,4,2026,8,0,0.24586020987773177,0.0,0.24586020987773177,0.0,0.0,0.0,1,0
0,0.0,1,1,1,1,3,2026,8,0,0.24586020987773177,0.0,0.24586020987773177,0.0,0.0,0.0,1,0
0,0.0,1,0,0,1,4,2026,8,0,0.24586020987773177,0.0,0.24586020987773177,0.0,0.0,0.0,1,0
0,0.0,1,0,0,1,6,2026,8,0,0.24586020987773177,0.0,0.24586020987773177,0.0,0.0,0.0,1,0
0,0.0,1,1,1,2,3,2026,8,0,0.24586020987773177,0.0,0.24586020987773177,0.0,0.0,0.0,1,0
0,0.0,1,0,0,20,3,2026,8,0,0.24586020987773177,0.0,0.24586020987773177,0.0,0.0,0.0,1,0
0,0.0,1,1,0,1,4,2026,8,0,0.24586020987773177,0.0,0.24586020987773177,0.0,0.0,0.0,1,0
0,0.0,1,0,0,1,3,2026,8,0,0.24586020987773177,0.0,0.24586020987773177,0.0,0.0,0.0,1,0
0,0.0,1,0,0,1,3,2026,8,0,0.24586020987773177,0.0,0.24586020987773177,0.0,0.0,0.0,1,0
0,0.0,1,0,0,11,3,2026,8,0,0.24586020987773177,0.0,0.24586020987773177,0.0,0.0,0.0,1,0
0,0.0,1,0,0,28,3,2026,8,0,0.24586020987773177,0.0,0.24586020987773177,0.0,0.0,0.0,1,0
0,0.0,1,0,0,1,4,2026,8,0,0.24586020987773177,0.0,0.24586020987773177,0.0,0.0,0.0,1,0
0,0.0,1,0,0,7,4,2026,8,0,0.24586020987773177,0.0,0.10091565779339559,27.0,0.0,0.0,0,0
0,0.0,1,0,0,1,2,2026,8,0,0.17561443562695128,2.0,0.17561443562695128,2.0,2.0,0.0,1,0
0,0.0,1,0,0,1,1,2026,8,0,0.24586020987773177,0.0,0.24586020987773177,0.0,0.0,0.0,1,0
0,0.0,1,0,1,1,4,2026,8,0,0.24586020987773177,0.0,0.24586020987773177,0.0,0.0,0.0,1,0
0,0.0,1,0,0,4,2,2026,8,0,0.24586020987773177,0.0,0.24586020987773177,0.0,0.0,0.0,1,0
0,0.0,1,0,0,1,2,2026,8,0,0.15366263117358236,3.0,0.15366263117358236,3.0,3.0,0.0,1,0
0,0.0,1,0,0,2,1,2026,8,0,0.24586020987773177,0.0,0.24586020987773177,0.0,0.0,0.0,0,0
0,0.0,1,0,0,1,3,2026,8,0,0.24586020987773177,0.0,0.24586020987773177,0.0,0.0,0.0,1,0
0,0.0,1,0,0,2,3,2026,8,0,0.24586020987773177,0.0,0.24586020987773177,0.0,0.0,0.0,1,0
0,0.0,1,0,0,20,2,2026,8,0,0.24586020987773177,0.0,0.24586020987773177,0.0,0.0,0.0,1,0
0,0.0,1,0,0,1,3,2026,8,0,0.24586020987773177,0.0,0.24586020987773177,0.0,0.0,0.0,1,0
0,0.0,1,0,0,1,3,2026,8,0,0.24586020987773177,0.0,0.24586020987773177,0.0,0.0,0.0,1,0
0,0.0,1,0,0,8,2,2026,8,0,0.1857750874490549,7.0,0.5880419693351181,26.0,7.0,0.0,0,0
0,0.0,1,0,0,15,4,2026,8,0,0.24586020987773177,0.0,0.24586020987773177,0.0,0.0,0.0,1,0
0,0.0,1,0,0,11,1,2026,8,0,0.31847157848409413,2.0,0.31847157848409413,2.0,2.0,0.0,1,0
0,0.0,1,0,0,1,4,2026,8,0,0.24586020987773177,0.0,0.24586020987773177,0.0,0.0,0.0,1,0
0,0.0,1,0,0,1,1,2026,8,0,0.24586020987773177,0.0,0.24586020987773177,0.0,0.0,0.0,1,0
0,0.0,1,0,0,1,5,2026,8,0,0.5382168415647764,1.0,0.5880419693351181,26.0,1.0,0.0,0,0
0,0.0,1,0,0,2,2,2026,8,0,0.24586020987773177,0.0,0.24586020987773177,0.0,0.0,0.0,1,0
0,0.0,1,0,0,3,3,2026,8,0,0.24586020987773177,0.0,0.24586020987773177,0.0,0.0,0.0,1,0
0,0.0,1,0,0,6,3,2026,8,0,0.20488350823144316,1.0,0.20488350823144316,1.0,1.0,0.0,1,0
0,0.0,1,0,0,11,4,2026,9,0,0.24586020987773177,0.0,0.24586020987773177,0.0,0.0,0.0,1,0
0,0.0,1,1,0,12,2,2026,8,0,0.24586020987773177,0.0,0.20488350823144316,1.0,0.0,0.0,0,0
0,0.0,1,0,0,1,3,2026,8,0,0.24586020987773177,0.0,0.24586020987773177,0.0,0.0,0.0,1,0
0,0.0,1,0,0,27,2,2026,8,0,0.24586020987773177,0.0,0.24586020987773177,0.0,0.0,0.0,1,0
0,0.0,1,0,0,4,2,2026,8,0,0.24586020987773177,0.0,0.24586020987773177,0.0,0.0,0.0,0,0
0,0.0,1,0,0,1,5,2026,8,0,0.24586020987773177,0.0,0.24586020987773177,0.0,0.0,0.0,1,0
18,69.99,1,0,0,14,3,2026,9,0,1.4596210006097365,76.0,1.496888517809065,82.0,76.0,2.0,1,0
0,0.0,1,1,0,3,3,2026,8,0,0.24586020987773177,0.0,0.17561443562695128,2.0,0.0,0.0,1,0
0,0.0,1,0,0,3,4,2026,8,0,0.24586020987773177,0.0,0.24586020987773177,0.0,0.0,0.0,1,0
0,0.0,1,0,0,13,2,2026,8,0,0.24586020987773177,0.0,0.5230573473251822,70.0,0.0,0.0,0,0
0,0.0,1,0,0,5,2,2026,8,0,0.24586020987773177,0.0,0.24586020987773177,0.0,0.0,0.0,1,0
0,0.0,1,0,0,8,3,2026,8,0,0.1857750874490549,7.0,0.24586020987773177,0.0,7.0,0.0,0,0
0,0.0,1,0,0,1,1,2026,8,0,0.24586020987773177,0.0,0.24586020987773177,0.0,0.0,0.0,1,0
0,0.0,1,0,0,1,3,2026,8,0,0.5382168415647764,1.0,0.5382168415647764,1.0,1.0,0.0,1,0
0,0.0,1,0,0,9,2,2026,8,0,0.31847157848409413,2.0,0.27866263117358236,3.0,2.0,0.0,1,0
0,0.0,1,0,0,5,3,2026,8,0,0.24586020987773177,0.0,0.24586020987773177,0.0,0.0,0.0,1,0
0,0.0,1,1,0,12,3,2026,8,0,0.24586020987773177,0.0,0.24586020987773177,0.0,0.0,0.0,1,0
0,0.0,1,1,0,11,3,2026,8,0,0.24586020987773177,0.0,0.24586020987773177,0.0,0.0,0.0,1,0
0,0.0,1,0,1,3,4,2026,8,0,0.24586020987773177,0.0,0.24586020987773177,0.0,0.0,0.0,1,0
0,0.0,1,0,0,3,2,2026,8,0,0.17561443562695128,2.0,0.17561443562695128,2.0,2.0,0.0,1,0
0,0.0,1,0,0,14,3,2027,1,0,0.24586020987773177,0.0,0.24586020987773177,0.0,0.0,0.0,0,0
0,53.99,1,0,0,13,2,2026,9,0,0.8735215035277614,9.0,1.444617098765577,36.0,9.0,0.0,0,0
0,0.0,1,0,0,12,4,2026,8,0,0.24586020987773177,0.0,0.10091565779339559,27.0,0.0,0.0,0,0
0,0.0,1,0,1,2,1,2026,8,0,0.24586020987773177,0.0,0.24586020987773177,0.0,0.0,0.0,1,0
0,0.0,1,0,0,9,3,2026,8,0,0.20488350823144316,1.0,0.20488350823144316,1.0,1.0,0.0,1,0
0,0.0,1,0,1,25,5,2026,8,0,0.24586020987773177,0.0,0.24586020987773177,0.0,0.0,0.0,1,0
0,0.0,1,1,0,11,1,2026,8,0,0.24586020987773177,0.0,0.24586020987773177,0.0,0.0,0.0,1,0
0,0.0,1,1,1,3,2,2026,8,0,0.24586020987773177,0.0,0.24586020987773177,0.0,0.0,0.0,1,0
0,0.0,1,0,0,9,2,2026,8,0,0.20266373176260535,6.0,0.2306643606706185,9.0,6.0,0.0,1,0
0,0.0,1,0,0,2,6,2026,8,0,0.27866263117358236,3.0,0.27866263117358236,3.0,3.0,0.0,0,0
0,0.0,1,0,0,2,4,2026,8,0,0.24586020987773177,0.0,0.24586020987773177,0.0,0.0,0.0,1,0
0,0.0,1,0,0,5,2,2026,8,0,0.24586020987773177,0.0,0.24586020987773177,0.0,0.0,0.0,1,0
0,0.0,1,1,0,1,1,2026,8,0,0.24586020987773177,0.0,0.24586020987773177,0.0,0.0,0.0,1,0
0,0.0,1,0,0,9,2,2026,8,0,0.24586020987773177,0.0,0.24586020987773177,0.0,0.0,0.0,1,0
0,0.0,1,0,0,1,3,2026,8,0,0.20488350823144316,1.0,0.20488350823144316,1.0,1.0,0.0,1,0
0,0.0,1,0,0,1,4,2026,8,0,0.2477001165987399,4.0,0.2477001165987399,4.0,4.0,0.0,1,0
0,0.0,1,0,0,1,4,2026,8,0,0.24586020987773177,0.0,0.24586020987773177,0.0,0.0,0.0,1,0
0,0.0,1,0,0,1,3,2026,8,0,0.24586020987773177,0.0,0.24586020987773177,0.0,0.0,0.0,1,0
0,0.0,1,0,0,8,3,2026,8,0,0.5382168415647764,1.0,0.461328721341237,2.0,1.0,0.0,1,0
0,0.0,1,0,0,7,4,2026,8,0,0.24586020987773177,0.0,0.24586020987773177,0.0,0.0,0.0,1,0
0,0.0,1,0,0,1,2,2026,8,0,0.20488350823144316,1.0,0.20488350823144316,1.0,1.0,0.0,1,0
0,0.0,1,0,0,10,1,2026,8,0,0.24586020987773177,0.0,0.24586020987773177,0.0,0.0,0.0,0,0
0,0.0,1,0,0,5,3,2026,8,0,0.20488350823144316,1.0,0.20488350823144316,1.0,1.0,0.0,1,0
0,0.0,1,0,0,16,2,2026,8,0,0.13658900548762876,4.0,0.13658900548762876,4.0,4.0,0.0,1,0
0,0.0,1,0,0,11,6,2026,8,0,0.24586020987773177,0.0,0.24586020987773177,0.0,0.0,0.0,1,0
0,0.0,1,1,0,1,6,2026,8,0,0.24586020987773177,0.0,0.24586020987773177,0.0,0.0,0.0,0,0
0,0.0,1,0,0,2,4,2026,8,0,0.24586020987773177,0.0,0.24586020987773177,0.0,0.0,0.0,1,0
0,0.0,1,0,0,4,4,2026,8,0,0.24586020987773177,0.0,0.24586020987773177,0.0,0.0,0.0,1,0
0,0.0,1,0,0,30,4,2026,8,0,0.2225947920730873,14.0,0.15366263117358236,3.0,14.0,1.0,0,0
0,0.0,1,0,0,11,4,2026,8,0,0.24586020987773177,0.0,0.24586020987773177,0.0,0.0,0.0,1,0
0,0.0,1,0,0,7,3,2026,8,0,0.24586020987773177,0.0,0.24586020987773177,0.0,0.0,0.0,1,0
0,0.0,1,0,1,2,2,2026,8,0,0.24586020987773177,0.0,0.24586020987773177,0.0,0.0,0.0,1,0
0,0.0,1,0,0,15,2,2026,8,0,0.24586020987773177,0.0,0.5230573473251822,70.0,0.0,0.0,0,0
0,0.0,1,0,0,1,1,2026,8,0,0.24586020987773177,0.0,0.24586020987773177,0.0,0.0,0.0,1,0
0,0.0,1,1,1,1,2,2026,8,0,0.24586020987773177,0.0,0.24586020987773177,0.0,0.0,0.0,1,0
0,0.0,1,0,0,5,3,2026,8,0,0.3715501748981098,1.0,0.24586020987773177,0.0,1.0,0.0,1,0
0,0.0,1,0,0,1,4,2026,8,0,0.24586020987773177,0.0,0.24586020987773177,0.0,0.0,0.0,1,0
0,0.0,1,0,0,10,4,2026,8,0,0.24586020987773177,0.0,0.24586020987773177,0.0,0.0,0.0,1,0
0,0.0,1,0,0,1,4,2026,8,0,0.24586020987773177,0.0,0.24586020987773177,0.0,0.0,0.0,1,0
0,0.0,1,0,0,11,2,2026,8,0,0.20488350823144316,1.0,0.20488350823144316,1.0,1.0,0.0,1,0
0,0.0,1,0,0,4,5,2026,8,0,0.20488350823144316,1.0,0.20488350823144316,1.0,1.0,0.0,1,0
0,0.0,1,1,1,1,1,2026,8,0,0.24586020987773177,0.0,0.24586020987773177,0.0,0.0,0.0,1,0
0,0.0,1,1,1,4,5,2026,8,0,0.3253308499529738,8.0,0.3253308499529738,8.0,8.0,0.0,1,0
0,0.0,1,0,0,9,3,2026,8,0,0.24586020987773177,0.0,0.24586020987773177,0.0,0.0,0.0,1,0
0,0.0,1,0,0,14,1,2026,8,0,0.566300095398969,6.0,0.5286626311735824,3.0,6.0,0.0,1,0
0,0.0,1,0,0,1,4,2026,8,0,0.24586020987773177,0.0,0.24586020987773177,0.0,0.0,0.0,1,0
0,0.0,1,0,0,1,4,2026,8,0,0.24586020987773177,0.0,0.24586020987773177,0.0,0.0,0.0,1,0
0,0.0,1,1,0,10,3,2026,8,0,0.24586020987773177,0.0,0.3524417541157216,7.0,0.0,0.0,0,0
0,0.0,1,1,0,1,2,2026,8,0,0.24586020987773177,0.0,0.24586020987773177,0.0,0.0,0.0,1,0
0,0.0,1,0,0,1,1,2026,8,0,0.24586020987773177,0.0,0.24586020987773177,0.0,0.0,0.0,1,0
0,0.0,1,0,0,16,2,2026,8,0,0.24586020987773177,0.0,0.5230573473251822,70.0,0.0,0.0,0,0
0,0.0,1,0,0,6,3,2026,8,0,0.24586020987773177,0.0,0.24586020987773177,0.0,0.0,0.0,1,0
0,0.0,1,0,0,1,3,2026,8,0,0.20488350823144316,1.0,0.20488350823144316,1.0,1.0,0.0,1,0
0,0.0,1,0,0,7,5,2026,8,0,0.24586020987773177,0.0,0.24586020987773177,0.0,0.0,0.0,0,0
0,0.0,1,0,0,4,3,2026,8,0,0.24586020987773177,0.0,0.24586020987773177,0.0,0.0,0.0,1,0
0,0.0,1,1,0,1,4,2026,8,0,0.24586020987773177,0.0,0.24586020987773177,0.0,0.0,0.0,1,0
0,0.0,1,0,0,1,4,2026,8,0,0.20488350823144316,1.0,0.6442078288966978,59.0,1.0,0.0,0,0
0,0.0,1,0,0,19,1,2026,8,0,0.3715501748981098,1.0,0.3715501748981098,1.0,1.0,0.0,1,0
0,0.0,1,1,0,13,4,2026,8,0,0.24586020987773177,0.0,0.2229301049388659,5.0,0.0,0.0,0,0
0,0.0,1,0,0,1,3,2026,8,0,0.24586020987773177,0.0,0.24586020987773177,0.0,0.0,0.0,1,0
0,0.0,1,0,0,13,3,2026,8,0,0.24586020987773177,0.0,0.24586020987773177,0.0,0.0,0.0,1,0
0,0.0,1,1,0,10,4,2026,8,0,0.24586020987773177,0.0,0.24586020987773177,0.0,0.0,0.0,1,0
0,0.0,1,0,0,9,5,2026,8,0,0.24586020987773177,0.0,0.24586020987773177,0.0,0.0,0.0,1,0
0,0.0,1,0,0,1,3,2026,8,0,0.4229301049388659,5.0,0.4229301049388659,5.0,5.0,0.0,1,0
0,0.0,1,0,0,103,2,2026,8,0,0.07683131558679118,11.0,0.07683131558679118,11.0,11.0,1.0,1,0
0,0.0,1,0,0,1,6,2026,8,0,0.24586020987773177,0.0,0.24586020987773177,0.0,0.0,0.0,1,0
0,0.0,1,0,0,2,4,2026,8,0,0.24586020987773177,0.0,0.24586020987773177,0.0,0.0,0.0,1,0
0,0.0,1,0,0,3,3,2026,8,0,0.24586020987773177,0.0,0.24586020987773177,0.0,0.0,0.0,1,0
0,0.0,1,0,0,13,1,2026,8,0,0.15366263117358236,3.0,0.15366263117358236,3.0,3.0,0.0,1,0
0,0.0,1,0,0,103,3,2026,8,0,0.3715501748981098,1.0,0.24586020987773177,0.0,1.0,0.0,1,0
0,0.0,1,0,0,5,3,2026,8,0,0.24586020987773177,0.0,0.24586020987773177,0.0,0.0,0.0,0,0
0,0.0,1,1,0,10,3,2026,8,0,0.3715501748981098,1.0,0.24586020987773177,0.0,1.0,0.0,1,0
0,0.0,1,0,0,2,5,2026,8,0,0.24586020987773177,0.0,0.10091565779339559,27.0,0.0,0.0,0,0
0,0.0,1,0,0,13,4,2026,8,0,0.20488350823144316,1.0,0.20488350823144316,1.0,1.0,0.0,1,0
0,0.0,1,0,0,1,2,2026,8,0,0.24586020987773177,0.0,0.24586020987773177,0.0,0.0,0.0,1,0
0,0.0,1,0,0,4,6,2026,8,0,0.24586020987773177,0.0,0.24586020987773177,0.0,0.0,0.0,1,0
0,0.0,1,1,0,5,4,2026,8,0,0.24586020987773177,0.0,0.24586020987773177,0.0,0.0,0.0,1,0
0,0.0,1,1,0,2,2,2026,8,0,0.20488350823144316,1.0,0.20488350823144316,1.0,1.0,0.0,1,0
0,0.0,1,0,0,2,3,2026,8,0,0.24586020987773177,0.0,0.24586020987773177,0.0,0.0,0.0,1,0
0,0.0,1,0,0,5,3,2026,8,0,0.20488350823144316,1.0,0.24097670164628862,25.0,1.0,0.0,0,0
0,0.0,1,0,0,1,2,2026,8,0,0.24586020987773177,0.0,0.24586020987773177,0.0,0.0,0.0,1,0
0,0.0,1,0,0,9,2,2026,8,0,0.15366263117358236,3.0,0.15366263117358236,3.0,3.0,0.0,1,0
0,0.0,1,1,0,1,2,2026,8,0,0.24586020987773177,0.0,0.24586020987773177,0.0,0.0,0.0,1,0
0,0.0,1,0,0,1,4,2026,8,0,0.24586020987773177,0.0,0.24586020987773177,0.0,0.0,0.0,1,0
0,0.0,1,0,0,15,2,2026,8,0,0.20488350823144316,1.0,0.24586020987773177,0.0,1.0,0.0,1,0
0,0.0,1,0,0,3,2,2026,8,0,0.24586020987773177,0.0,0.24586020987773177,0.0,0.0,0.0,1,0
0,0.0,1,0,0,2,1,2026,8,0,0.17561443562695128,2.0,0.5484044828327793,196.0,2.0,0.0,0,0
0,0.0,1,0,0,1,4,2026,8,0,0.24586020987773177,0.0,0.24586020987773177,0.0,0.0,0.0,1,0
0,0.0,1,0,0,5,7,2027,1,0,0.24586020987773177,0.0,0.24586020987773177,0.0,0.0,0.0,1,0
0,0.0,1,1,1,17,2,2026,8,0,0.24586020987773177,0.0,0.24586020987773177,0.0,0.0,0.0,1,0
0,0.0,1,1,1,3,1,2026,8,0,0.07687244997891927,24.0,0.07961789462102353,23.0,24.0,1.0,1,0
0,0.0,1,0,0,12,3,2026,8,0,0.20488350823144316,1.0,0.20488350823144316,1.0,1.0,0.0,1,0
0,0.0,1,0,0,1,3,2026,8,0,0.24586020987773177,0.0,0.24586020987773177,0.0,0.0,0.0,1,0
0,0.0,1,0,0,10,3,2026,8,0,0.5382168415647764,1.0,0.5382168415647764,1.0,1.0,0.0,1,0
0,0.0,1,0,0,1,2,2026,8,0,0.24586020987773177,0.0,0.5286626311735824,3.0,0.0,0.0,1,0
0,0.0,1,0,0,11,5,2026,8,0,0.20488350823144316,1.0,0.20488350823144316,1.0,1.0,0.0,1,0
0,0.0,1,0,0,1,1,2026,8,0,0.3715501748981098,1.0,0.3715501748981098,1.0,1.0,0.0,1,0
0,0.0,1,0,0,11,2,2026,8,0,0.24586020987773177,0.0,0.24586020987773177,0.0,0.0,0.0,1,0
0,0.0,1,0,0,1,2,2026,8,0,0.24586020987773177,0.0,0.24586020987773177,0.0,0.0,0.0,1,0
0,0.0,1,0,0,1,2,2026,8,0,0.24586020987773177,0.0,0.24586020987773177,0.0,0.0,0.0,1,0
0,0.0,1,0,0,1,3,2026,8,0,0.3218237118260174,33.0,0.2645860209877732,45.0,33.0,1.0,1,0
0,0.0,1,0,0,4,2,2026,8,0,0.24586020987773177,0.0,0.24586020987773177,0.0,0.0,0.0,1,0
0,0.0,1,0,0,2,5,2026,8,0,0.24586020987773177,0.0,0.24586020987773177,0.0,0.0,0.0,1,0
0,0.0,1,0,0,4,5,2026,9,0,0.24586020987773177,0.0,0.24586020987773177,0.0,0.0,0.0,1,0
0,0.0,1,0,0,1,2,2026,8,0,0.24586020987773177,0.0,0.24586020987773177,0.0,0.0,0.0,1,0
0,0.0,1,0,0,2,4,2026,8,0,0.24586020987773177,0.0,0.24586020987773177,0.0,0.0,0.0,1,0
0,0.0,1,0,0,10,4,2026,8,0,0.24586020987773177,0.0,0.24586020987773177,0.0,0.0,0.0,1,0
0,0.0,1,0,0,1,1,2026,8,0,0.20488350823144316,1.0,0.20488350823144316,1.0,1.0,0.0,1,0
0,0.0,1,1,1,1,4,2026,8,0,0.24586020987773177,0.0,0.24586020987773177,0.0,0.0,0.0,1,0
0,0.0,1,0,0,9,2,2026,8,0,0.20488350823144316,1.0,0.20488350823144316,1.0,1.0,0.0,1,0
0,0.0,1,0,0,1,4,2026,8,0,0.24586020987773177,0.0,0.24586020987773177,0.0,0.0,0.0,1,0
0,0.0,1,0,0,2,3,2026,8,0,0.24586020987773177,0.0,0.24586020987773177,0.0,0.0,0.0,1,0
0,0.0,1,0,0,7,3,2026,8,0,0.24586020987773177,0.0,0.24586020987773177,0.0,0.0,0.0,1,0
0,0.0,1,1,0,5,3,2026,8,0,0.24586020987773177,0.0,0.24586020987773177,0.0,0.0,0.0,1,0
0,0.0,1,0,0,2,2,2026,8,0,0.24586020987773177,0.0,0.24586020987773177,0.0,0.0,0.0,1,0
0,0.0,1,0,0,8,3,2026,8,0,0.24586020987773177,0.0,0.24586020987773177,0.0,0.0,0.0,1,0
0,0.0,1,1,0,14,3,2026,8,0,0.20488350823144316,1.0,0.20488350823144316,1.0,1.0,0.0,1,0
0,0.0,1,0,1,14,3,2026,8,0,0.24586020987773177,0.0,0.24586020987773177,0.0,0.0,0.0,1,0
0,0.0,1,0,0,10,4,2026,8,0,0.24586020987773177,0.0,0.24586020987773177,0.0,0.0,0.0,1,0
0,0.0,1,0,0,2,1,2026,8,0,0.24586020987773177,0.0,0.05853814520898376,16.0,0.0,0.0,0,0
0,0.0,1,0,1,1,2,2026,8,0,0.24586020987773177,0.0,0.24586020987773177,0.0,0.0,0.0,1,0
0,0.0,1,0,0,1,3,2026,8,0,0.24586020987773177,0.0,0.24586020987773177,0.0,0.0,0.0,1,0
0,0.0,1,0,0,11,3,2026,8,0,0.15366263117358236,3.0,0.15366263117358236,3.0,3.0,0.0,1,0
0,0.0,1,0,0,1,3,2026,8,0,0.24586020987773177,0.0,0.24586020987773177,0.0,0.0,0.0,1,0
0,0.0,1,0,0,3,3,2026,8,0,0.24586020987773177,0.0,0.24586020987773177,0.0,0.0,0.0,1,0
0,0.0,1,1,0,1,2,2026,8,0,0.24586020987773177,0.0,0.24586020987773177,0.0,0.0,0.0,1,0
0,0.0,1,0,0,1,3,2026,8,0,0.24586020987773177,0.0,0.24586020987773177,0.0,0.0,0.0,1,0
0,0.0,1,0,0,7,3,2026,8,0,0.24586020987773177,0.0,0.24586020987773177,0.0,0.0,0.0,1,0
0,0.0,1,0,0,1,3,2026,8,0,0.24586020987773177,0.0,0.24586020987773177,0.0,0.0,0.0,1,0
0,0.0,1,0,0,11,2,2026,8,0,0.24586020987773177,0.0,0.24586020987773177,0.0,0.0,0.0,1,0
0,0.0,1,0,0,1,3,2026,8,0,0.24586020987773177,0.0,0.24586020987773177,0.0,0.0,0.0,1,0
0,0.0,1,1,0,1,3,2026,8,0,0.24586020987773177,0.0,0.24586020987773177,0.0,0.0,0.0,1,0
0,0.0,1,0,0,10,5,2026,8,0,0.24586020987773177,0.0,0.20488350823144316,1.0,0.0,0.0,0,0
0,0.0,1,0,0,11,2,2026,8,0,0.27866263117358236,3.0,0.27866263117358236,3.0,3.0,0.0,1,0
0,0.0,1,0,0,3,5,2026,8,0,0.24586020987773177,0.0,0.24586020987773177,0.0,0.0,0.0,1,0
0,0.0,1,0,0,1,2,2026,8,0,0.24586020987773177,0.0,0.24586020987773177,0.0,0.0,0.0,1,0
0,0.0,1,0,0,1,3,2026,8,0,0.24586020987773177,0.0,0.20488350823144316,1.0,0.0,0.0,0,0
0,0.0,1,0,0,1,3,2026,8,0,0.24586020987773177,0.0,0.20488350823144316,1.0,0.0,0.0,1,0
0,0.0,1,1,0,2,3,2026,8,0,0.24586020987773177,0.0,0.20488350823144316,1.0,0.0,0.0,0,0
0,0.0,1,0,1,1,1,2026,8,0,0.24586020987773177,0.0,0.24586020987773177,0.0,0.0,0.0,1,0
0,0.0,1,0,0,1,2,2026,8,0,0.24586020987773177,0.0,0.24586020987773177,0.0,0.0,0.0,1,0
0,0.0,1,0,0,6,3,2026,8,0,0.24586020987773177,0.0,0.24586020987773177,0.0,0.0,0.0,1,0
0,0.0,1,0,0,10,2,2026,8,0,0.24586020987773177,0.0,0.24586020987773177,0.0,0.0,0.0,1,0
0,0.0,1,0,0,2,4,2026,8,0,0.24586020987773177,0.0,0.24586020987773177,0.0,0.0,0.0,1,0
0,0.0,1,0,0,9,5,2026,8,0,0.24586020987773177,0.0,0.24586020987773177,0.0,0.0,0.0,1,0
0,0.0,1,0,1,1,2,2026,8,0,0.24586020987773177,0.0,0.24586020987773177,0.0,0.0,0.0,1,0
0,0.0,1,0,0,3,5,2026,8,0,0.24586020987773177,0.0,0.24586020987773177,0.0,0.0,0.0,1,0
0,0.0,1,0,0,1,2,2026,8,0,0.17561443562695128,2.0,0.17561443562695128,2.0,2.0,0.0,1,0
0,0.0,1,0,0,1,5,2026,8,0,0.24586020987773177,0.0,0.24586020987773177,0.0,0.0,0.0,0,0
0,0.0,1,0,0,1,4,2026,8,0,0.24586020987773177,0.0,0.24586020987773177,0.0,0.0,0.0,1,0
0,0.0,1,0,0,1,3,2026,8,0,0.24586020987773177,0.0,0.24586020987773177,0.0,0.0,0.0,1,0
0,0.0,1,0,0,2,2,2026,8,0,0.0474897213145391,63.0,0.0474897213145391,63.0,63.0,2.0,1,0
0,0.0,1,0,0,1,4,2026,8,0,0.24586020987773177,0.0,0.24586020987773177,0.0,0.0,0.0,0,0
0,0.0,1,0,0,2,4,2026,8,0,0.24586020987773177,0.0,0.24586020987773177,0.0,0.0,0.0,1,0
0,0.0,1,0,0,1,4,2026,8,0,0.24586020987773177,0.0,0.24586020987773177,0.0,0.0,0.0,0,0
0,0.0,1,0,0,4,3,2026,8,0,0.24586020987773177,0.0,0.24586020987773177,0.0,0.0,0.0,1,0
0,0.0,1,0,0,1,3,2026,8,0,0.20488350823144316,1.0,0.20488350823144316,1.0,1.0,0.0,0,0
0,0.0,1,0,0,8,3,2026,8,0,0.27866263117358236,3.0,0.17561443562695128,2.0,3.0,0.0,1,0
0,0.0,1,0,0,10,3,2026,8,0,0.17561443562695128,2.0,0.17561443562695128,2.0,2.0,0.0,1,0
0,0.0,1,0,0,1,2,2026,8,0,0.24586020987773177,0.0,0.24586020987773177,0.0,0.0,0.0,0,0
0,0.0,1,0,0,1,5,2026,8,0,0.24586020987773177,0.0,0.24586020987773177,0.0,0.0,0.0,1,0
0,0.0,1,1,0,7,3,2027,1,0,0.24586020987773177,0.0,0.24586020987773177,0.0,0.0,0.0,1,0
0,0.0,1,0,0,3,5,2026,8,0,0.24586020987773177,0.0,0.24586020987773177,0.0,0.0,0.0,1,0
0,0.0,1,0,0,5,5,2026,8,0,0.24586020987773177,0.0,0.24586020987773177,0.0,0.0,0.0,1,0
0,0.0,1,0,0,1,4,2026,8,0,0.24586020987773177,0.0,0.24586020987773177,0.0,0.0,0.0,1,0
0,0.0,1,0,0,103,3,2026,8,0,0.24586020987773177,0.0,0.24586020987773177,0.0,0.0,0.0,1,0
0,0.0,1,0,0,11,4,2026,8,0,0.24586020987773177,0.0,0.24586020987773177,0.0,0.0,0.0,1,0
0,0.0,1,0,0,1,3,2026,8,0,0.24586020987773177,0.0,0.24586020987773177,0.0,0.0,0.0,1,0
0,0.0,1,0,0,12,3,2026,8,0,0.24586020987773177,0.0,0.24586020987773177,0.0,0.0,0.0,1,0
0,0.0,1,0,1,1,4,2026,8,0,0.24586020987773177,0.0,0.24586020987773177,0.0,0.0,0.0,0,0
0,0.0,1,0,1,8,4,2026,8,0,0.24586020987773177,0.0,0.24586020987773177,0.0,0.0,0.0,1,0
0,0.0,1,0,0,1,3,2026,8,0,0.24586020987773177,0.0,0.24586020987773177,0.0,0.0,0.0,1,0
0,0.0,1,0,0,2,2,2026,8,0,0.24586020987773177,0.0,0.24586020987773177,0.0,0.0,0.0,1,0
0,0.0,1,0,0,1,3,2026,8,0,0.24586020987773177,0.0,0.24586020987773177,0.0,0.0,0.0,1,0
0,0.0,1,0,0,1,4,2026,8,0,0.24586020987773177,0.0,0.24586020987773177,0.0,0.0,0.0,1,0
0,0.0,1,0,0,1,1,2026,8,0,0.24586020987773177,0.0,0.24586020987773177,0.0,0.0,0.0,1,0
0,0.0,1,0,1,1,3,2026,8,0,0.24586020987773177,0.0,0.24586020987773177,0.0,0.0,0.0,1,0
0,0.0,1,1,1,1,5,2026,8,0,0.3715501748981098,1.0,0.3715501748981098,1.0,1.0,0.0,1,0
0,0.0,1,0,1,9,3,2026,8,0,0.24586020987773177,0.0,0.24586020987773177,0.0,0.0,0.0,1,0
0,0.0,1,0,0,12,2,2026,8,0,0.24586020987773177,0.0,0.24586020987773177,0.0,0.0,0.0,1,0
0,0.0,1,0,0,11,3,2026,8,0,0.20488350823144316,1.0,0.20488350823144316,1.0,1.0,0.0,1,0
0,0.0,1,0,0,14,2,2026,8,0,0.24586020987773177,0.0,0.24586020987773177,0.0,0.0,0.0,1,0
0,0.0,1,0,0,1,3,2026,8,0,0.24586020987773177,0.0,0.24586020987773177,0.0,0.0,0.0,1,0
0,0.0,1,0,0,1,2,2026,8,0,0.24586020987773177,0.0,0.24586020987773177,0.0,0.0,0.0,1,0
0,0.0,1,0,1,1,2,2026,8,0,0.24586020987773177,0.0,0.24586020987773177,0.0,0.0,0.0,1,0
0,0.0,1,0,0,1,3,2026,8,0,0.11175464085351444,6.0,0.09456161918374299,8.0,6.0,0.0,1,0
0,0.0,1,0,0,1,2,2026,8,0,0.24586020987773177,0.0,0.24586020987773177,0.0,0.0,0.0,1,0
0,0.0,1,0,0,2,3,2026,8,0,0.24586020987773177,0.0,0.24586020987773177,0.0,0.0,0.0,1,0
0,0.0,1,0,0,15,3,2026,8,0,0.24586020987773177,0.0,0.24586020987773177,0.0,0.0,0.0,1,0
0,0.0,1,0,0,16,1,2026,8,0,0.24586020987773177,0.0,0.1857750874490549,7.0,0.0,0.0,0,0
0,0.0,1,0,0,6,5,2026,8,0,0.24586020987773177,0.0,0.11129739603654365,33.0,0.0,0.0,0,0
0,0.0,1,1,0,1,2,2026,8,0,0.24586020987773177,0.0,0.24586020987773177,0.0,0.0,0.0,1,0
0,69.99,1,0,0,14,1,2026,10,0,0.24586020987773177,0.0,1.1440746626674458,66.0,0.0,0.0,0,1
0,0.0,1,0,0,1,3,2026,8,0,0.24586020987773177,0.0,0.24586020987773177,0.0,0.0,0.0,1,0
0,0.0,1,0,0,1,3,2026,8,0,0.24586020987773177,0.0,0.24586020987773177,0.0,0.0,0.0,1,0
0,0.0,1,0,0,1,2,2026,8,0,0.24586020987773177,0.0,0.24586020987773177,0.0,0.0,0.0,0,0
0,0.0,1,1,1,2,4,2026,8,0,0.24586020987773177,0.0,0.24586020987773177,0.0,0.0,0.0,1,0
0,0.0,1,0,0,27,4,2026,8,0,0.24586020987773177,0.0,0.20488350823144316,1.0,0.0,0.0,0,0
0,0.0,1,0,0,1,1,2026,8,0,0.24586020987773177,0.0,0.24586020987773177,0.0,0.0,0.0,1,0
0,0.0,1,0,0,1,2,2026,8,0,0.27866263117358236,3.0,0.27866263117358236,3.0,3.0,0.0,1,0
0,0.0,1,0,0,5,2,2026,8,0,0.24586020987773177,0.0,0.24586020987773177,0.0,0.0,0.0,1,0
0,0.0,1,0,0,10,3,2026,8,0,0.24586020987773177,0.0,0.24586020987773177,0.0,0.0,0.0,1,0
0,0.0,1,1,0,11,4,2026,8,0,0.24586020987773177,0.0,0.24586020987773177,0.0,0.0,0.0,1,0
0,0.0,1,0,0,1,5,2026,8,0,0.3715501748981098,1.0,0.3715501748981098,1.0,1.0,0.0,1,0
0,40.99,1,0,0,10,1,2026,9,0,0.8032556721542954,4.0,0.24586020987773177,0.0,4.0,0.0,0,0
0,0.0,1,0,0,10,6,2027,1,0,0.24586020987773177,0.0,0.24586020987773177,0.0,0.0,0.0,1,0
0,0.0,1,0,0,10,3,2026,8,0,0.24586020987773177,0.0,0.12293010493886589,5.0,0.0,0.0,0,0
0,0.0,1,0,0,1,5,2026,8,0,0.24586020987773177,0.0,0.24586020987773177,0.0,0.0,0.0,1,0
0,0.0,1,0,0,1,4,2026,8,0,0.24586020987773177,0.0,0.24586020987773177,0.0,0.0,0.0,1,0
0,0.0,1,0,0,1,2,2026,8,0,0.24586020987773177,0.0,0.24586020987773177,0.0,0.0,0.0,1,0
0,0.0,1,1,1,7,1,2026,8,0,0.24586020987773177,0.0,0.24586020987773177,0.0,0.0,0.0,1,0
0,0.0,1,0,0,10,2,2026,8,0,0.24586020987773177,0.0,0.24586020987773177,0.0,0.0,0.0,1,0
0,0.0,1,0,0,103,3,2027,1,0,0.24586020987773177,0.0,0.24586020987773177,0.0,0.0,0.0,1,0
0,0.0,1,1,1,9,2,2026,8,0,0.20488350823144316,1.0,0.3822621371119494,61.0,1.0,0.0,0,0
0,0.0,1,1,1,15,3,2027,1,0,0.4229301049388659,5.0,0.3715501748981098,1.0,5.0,0.0,1,0
0,0.0,1,0,0,11,4,2026,8,0,0.24586020987773177,0.0,0.7481182772171509,6.0,0.0,0.0,0,0
0,0.0,1,0,0,11,4,2026,8,0,0.20488350823144316,1.0,0.20488350823144316,1.0,1.0,0.0,1,0
0,0.0,1,0,0,1,6,2026,8,0,0.3715501748981098,1.0,0.3715501748981098,1.0,1.0,0.0,1,0
0,0.0,1,0,1,8,3,2026,8,0,0.17561443562695128,2.0,0.17561443562695128,2.0,2.0,0.0,0,0
0,0.0,1,0,0,11,3,2026,8,0,0.24586020987773177,0.0,0.3893313155867912,11.0,0.0,0.0,0,0
0,0.0,1,0,1,1,4,2026,8,0,0.24586020987773177,0.0,0.24586020987773177,0.0,0.0,0.0,0,0
0,0.0,1,0,0,14,5,2026,9,0,0.3715501748981098,1.0,0.20488350823144316,1.0,1.0,0.0,0,0
0,0.0,1,0,0,1,2,2026,8,0,0.24586020987773177,0.0,0.24586020987773177,0.0,0.0,0.0,1,0
0,0.0,1,0,0,14,3,2026,8,0,0.20488350823144316,1.0,0.20488350823144316,1.0,1.0,0.0,1,0
0,0.0,1,0,0,1,4,2026,8,0,0.24586020987773177,0.0,0.24586020987773177,0.0,0.0,0.0,1,0
0,0.0,1,0,0,3,3,2026,8,0,0.24586020987773177,0.0,0.24586020987773177,0.0,0.0,0.0,1,0
0,0.0,1,0,0,12,3,2026,8,0,0.24586020987773177,0.0,0.24586020987773177,0.0,0.0,0.0,1,0
0,0.0,1,0,0,1,3,2026,8,0,0.20488350823144316,1.0,0.20488350823144316,1.0,1.0,0.0,1,0
0,0.0,1,1,1,1,3,2026,8,0,0.20488350823144316,1.0,0.20488350823144316,1.0,1.0,0.0,1,0
0,0.0,1,0,0,2,4,2026,8,0,0.24586020987773177,0.0,0.24586020987773177,0.0,0.0,0.0,1,0
0,0.0,1,0,0,1,1,2026,8,0,0.24586020987773177,0.0,0.24586020987773177,0.0,0.0,0.0,1,0
0,0.0,1,1,1,103,1,2026,8,0,0.24586020987773177,0.0,0.2691084207823882,7.0,0.0,0.0,0,0
0,0.0,1,0,0,2,4,2026,8,0,0.24586020987773177,0.0,0.24586020987773177,0.0,0.0,0.0,1,0
0,0.0,1,0,0,6,2,2026,8,0,0.24586020987773177,0.0,0.35881122770985097,4.0,0.0,0.0,0,0
0,0.0,1,0,0,1,3,2026,8,0,0.24586020987773177,0.0,0.24586020987773177,0.0,0.0,0.0,1,0
0,0.0,1,0,0,8,4,2026,8,0,0.24586020987773177,0.0,0.35497311728417924,21.0,0.0,0.0,0,0
0,0.0,1,0,0,1,4,2026,8,0,0.20488350823144316,1.0,0.20488350823144316,1.0,1.0,0.0,1,0
0,0.0,1,0,0,22,3,2026,8,0,0.24586020987773177,0.0,0.20488350823144316,1.0,0.0,0.0,0,0
0,0.0,1,1,0,3,5,2026,8,0,0.24586020987773177,0.0,0.24586020987773177,0.0,0.0,0.0,1,0
0,0.0,1,1,0,1,3,2026,8,0,0.24586020987773177,0.0,0.24586020987773177,0.0,0.0,0.0,1,0
0,0.0,1,0,0,6,2,2026,8,0,0.20488350823144316,1.0,0.3020929320991899,9.0,1.0,0.0,0,0
0,0.0,1,0,0,8,2,2026,8,0,0.24586020987773177,0.0,0.24586020987773177,0.0,0.0,0.0,1,0
0,0.0,1,0,0,31,3,2026,8,0,0.24586020987773177,0.0,0.24586020987773177,0.0,0.0,0.0,1,0
0,0.0,1,0,0,9,3,2026,8,0,0.31847157848409413,2.0,0.31847157848409413,2.0,2.0,0.0,1,0
0,0.0,1,0,0,13,3,2026,8,0,0.24586020987773177,0.0,0.20488350823144316,1.0,0.0,0.0,0,0
0,0.0,1,0,0,1,3,2026,8,0,0.24586020987773177,0.0,0.24586020987773177,0.0,0.0,0.0,1,0
0,0.0,1,0,0,13,2,2026,8,0,0.24586020987773177,0.0,0.24586020987773177,0.0,0.0,0.0,1,0
0,0.0,1,0,0,1,2,2026,8,0,0.20488350823144316,1.0,0.20488350823144316,1.0,1.0,0.0,1,0
0,0.0,1,0,0,10,2,2026,8,0,0.20488350823144316,1.0,0.20488350823144316,1.0,1.0,0.0,1,0
0,0.0,1,0,0,2,3,2026,8,0,0.2477001165987399,4.0,0.24586020987773177,0.0,4.0,0.0,0,0
0,0.0,1,0,0,1,5,2026,8,0,0.24586020987773177,0.0,0.24586020987773177,0.0,0.0,0.0,0,0
0,0.0,1,0,0,10,5,2026,8,0,0.24586020987773177,0.0,0.24586020987773177,0.0,0.0,0.0,1,0
0,0.0,1,1,0,5,3,2026,8,0,0.24586020987773177,0.0,0.24586020987773177,0.0,0.0,0.0,1,0
0,0.0,1,0,0,10,7,2026,8,0,0.2477001165987399,4.0,0.2229301049388659,5.0,4.0,0.0,1,0
0,0.0,1,0,0,10,2,2026,8,0,0.17561443562695128,2.0,0.17561443562695128,2.0,2.0,0.0,1,0
0,0.0,1,0,0,6,2,2026,8,0,0.24586020987773177,0.0,0.20488350823144316,1.0,0.0,0.0,0,0
0,0.0,1,0,0,14,2,2027,1,0,1.4596210006097365,76.0,1.496888517809065,82.0,76.0,2.0,1,0
0,0.0,1,0,0,1,2,2026,8,0,0.20488350823144316,1.0,0.24586020987773177,0.0,1.0,0.0,1,0
0,0.0,1,0,0,2,4,2026,8,0,0.24586020987773177,0.0,0.24586020987773177,0.0,0.0,0.0,1,0
0,0.0,1,0,0,1,1,2026,8,0,0.24586020987773177,0.0,0.24586020987773177,0.0,0.0,0.0,1,0
0,0.0,1,0,0,21,2,2026,8,0,0.3524417541157216,7.0,0.3253308499529738,8.0,7.0,0.0,1,0
0,0.0,1,0,0,1,1,2026,8,0,0.24586020987773177,0.0,0.24586020987773177,0.0,0.0,0.0,1,0
0,0.0,1,0,1,6,2,2026,8,0,0.24586020987773177,0.0,0.24586020987773177,0.0,0.0,0.0,1,0
0,0.0,1,0,0,1,2,2026,8,0,0.24586020987773177,0.0,0.24586020987773177,0.0,0.0,0.0,1,0
0,0.0,1,0,0,10,5,2026,8,0,0.24586020987773177,0.0,0.24586020987773177,0.0,0.0,0.0,1,0
0,0.0,1,0,0,13,2,2026,8,0,0.24586020987773177,0.0,0.24586020987773177,0.0,0.0,0.0,1,0
0,0.0,1,1,1,13,5,2026,8,0,0.2477001165987399,4.0,0.2477001165987399,4.0,4.0,0.0,1,0
0,0.0,1,0,0,1,1,2026,8,0,0.27866263117358236,3.0,0.27866263117358236,3.0,3.0,0.0,1,0
0,0.0,1,0,0,1,2,2026,8,0,0.3715501748981098,1.0,0.20488350823144316,1.0,1.0,0.0,0,0
0,0.0,1,0,0,3,1,2026,8,0,0.24586020987773177,0.0,0.20642143927947612,93.0,0.0,0.0,0,0
0,0.0,1,0,0,2,1,2026,8,0,0.24586020987773177,0.0,0.24586020987773177,0.0,0.0,0.0,1,0
0,0.0,1,0,0,1,3,2026,8,0,0.24586020987773177,0.0,0.24586020987773177,0.0,0.0,0.0,1,0
0,0.0,1,0,0,1,4,2026,8,0,0.24586020987773177,0.0,0.24586020987773177,0.0,0.0,0.0,1,0
0,0.0,1,0,0,7,3,2026,8,0,0.4252530029052152,12.0,0.7862704092366171,22.0,12.0,1.0,1,0
0,0.0,1,0,0,1,4,2026,8,0,0.10244175411572158,7.0,0.017815957237516795,64.0,7.0,0.0,1,0
0,0.0,1,1,0,1,4,2026,8,0,0.028588396497410674,38.0,0.028588396497410674,38.0,38.0,1.0,1,0
0,0.0,1,0,0,13,5,2026,8,0,0.24586020987773177,0.0,0.24586020987773177,0.0,0.0,0.0,1,0
0,0.0,1,0,0,1,3,2026,8,0,0.20488350823144316,1.0,0.20488350823144316,1.0,1.0,0.0,1,0
0,0.0,1,0,0,1,3,2026,9,0,0.461328721341237,2.0,0.6867607517638807,23.0,2.0,0.0,0,0
0,0.0,1,0,0,1,4,2026,8,0,0.24586020987773177,0.0,0.24586020987773177,0.0,0.0,0.0,1,0
0,0.0,1,0,1,13,4,2026,8,0,0.24586020987773177,0.0,0.24586020987773177,0.0,0.0,0.0,1,0
0,0.0,1,0,0,1,1,2026,8,0,0.24586020987773177,0.0,0.24586020987773177,0.0,0.0,0.0,1,0
0,0.0,1,0,0,1,3,2026,8,0,0.24586020987773177,0.0,0.24586020987773177,0.0,0.0,0.0,1,0
0,0.0,1,0,0,103,2,2026,8,0,0.4518313155867912,11.0,0.4518313155867912,11.0,11.0,1.0,1,0
0,0.0,1,0,0,13,4,2026,8,0,0.20488350823144316,1.0,0.20488350823144316,1.0,1.0,0.0,1,0
0,0.0,1,0,1,2,3,2026,8,0,0.461328721341237,2.0,0.3715501748981098,1.0,2.0,0.0,1,0
0,0.0,1,0,0,1,1,2026,8,0,0.3715501748981098,1.0,0.3715501748981098,1.0,1.0,0.0,1,0
0,0.0,1,0,0,21,4,2026,8,0,0.24586020987773177,0.0,0.24586020987773177,0.0,0.0,0.0,1,0
0,0.0,1,0,0,11,3,2026,8,0,0.15366263117358236,3.0,0.15366263117358236,3.0,3.0,0.0,1,0
0,0.0,1,0,0,1,1,2026,8,0,0.24586020987773177,0.0,0.24586020987773177,0.0,0.0,0.0,1,0
0,0.0,1,0,0,12,2,2026,8,0,0.24586020987773177,0.0,0.20488350823144316,1.0,0.0,0.0,1,0
0,0.0,1,0,0,18,3,2026,8,0,0.20488350823144316,1.0,0.20488350823144316,1.0,1.0,0.0,1,0
0,0.0,1,0,0,1,4,2026,8,0,0.24586020987773177,0.0,0.24586020987773177,0.0,0.0,0.0,0,0
0,0.0,1,1,1,16,2,2026,8,0,0.24586020987773177,0.0,0.24586020987773177,0.0,0.0,0.0,1,0
0,0.0,1,0,0,3,3,2026,8,0,0.24586020987773177,0.0,0.24586020987773177,0.0,0.0,0.0,1,0
0,0.0,1,0,0,1,3,2026,8,0,0.24586020987773177,0.0,0.24586020987773177,0.0,0.0,0.0,1,0
0,0.0,1,0,1,8,3,2026,8,0,0.24586020987773177,0.0,0.24586020987773177,0.0,0.0,0.0,1,0
0,0.0,1,0,0,8,2,2026,8,0,0.24586020987773177,0.0,0.24586020987773177,0.0,0.0,0.0,0,0
0,0.0,1,0,0,7,2,2026,8,0,0.24586020987773177,0.0,0.24586020987773177,0.0,0.0,0.0,1,0
0,0.0,1,0,0,2,5,2026,8,0,0.24586020987773177,0.0,0.24586020987773177,0.0,0.0,0.0,1,0
0,0.0,1,0,0,5,3,2026,8,0,0.24586020987773177,0.0,0.24586020987773177,0.0,0.0,0.0,0,0
0,0.0,1,0,0,11,4,2026,8,0,0.17561443562695128,2.0,0.20488350823144316,1.0,2.0,0.0,1,0
0,0.0,1,0,0,12,3,2026,8,0,0.24586020987773177,0.0,0.24586020987773177,0.0,0.0,0.0,1,0
0,0.0,1,0,0,11,1,2026,8,0,0.24586020987773177,0.0,0.24586020987773177,0.0,0.0,0.0,1,0
0,0.0,1,0,0,1,3,2026,8,0,0.24586020987773177,0.0,0.24586020987773177,0.0,0.0,0.0,1,0
0,0.0,1,0,0,1,3,2026,8,0,0.24586020987773177,0.0,0.24586020987773177,0.0,0.0,0.0,1,0
0,0.0,1,0,0,1,3,2026,8,0,0.24586020987773177,0.0,0.24586020987773177,0.0,0.0,0.0,1,0
0,0.0,1,0,0,15,3,2026,8,0,0.15366263117358236,3.0,0.15366263117358236,3.0,3.0,0.0,1,0
0,0.0,1,0,0,13,3,2026,8,0,0.24586020987773177,0.0,0.24586020987773177,0.0,0.0,0.0,1,0
0,0.0,1,1,0,12,3,2026,8,0,0.17561443562695128,2.0,0.20488350823144316,1.0,2.0,0.0,1,0
0,0.0,1,0,1,1,5,2026,8,0,0.24586020987773177,0.0,0.24586020987773177,0.0,0.0,0.0,1,0
0,0.0,1,0,0,1,1,2026,8,0,0.24586020987773177,0.0,0.24586020987773177,0.0,0.0,0.0,1,0
0,0.0,1,1,1,2,4,2026,8,0,0.24586020987773177,0.0,0.24586020987773177,0.0,0.0,0.0,1,0
0,0.0,1,0,0,6,3,2026,8,0,0.24586020987773177,0.0,0.24586020987773177,0.0,0.0,0.0,1,0
0,0.0,1,0,0,7,3,2026,8,0,0.24586020987773177,0.0,0.24586020987773177,0.0,0.0,0.0,1,0
0,0.0,1,0,0,6,2,2026,8,0,0.20488350823144316,1.0,0.24586020987773177,0.0,1.0,0.0,0,0
0,0.0,1,0,0,1,3,2026,8,0,0.24586020987773177,0.0,0.24586020987773177,0.0,0.0,0.0,1,0
0,0.0,1,0,0,7,3,2026,8,0,0.24586020987773177,0.0,0.24586020987773177,0.0,0.0,0.0,1,0
0,0.0,1,0,0,6,4,2026,8,0,0.24586020987773177,0.0,0.24586020987773177,0.0,0.0,0.0,1,0
0,0.0,1,1,0,2,2,2026,9,0,0.24586020987773177,0.0,0.20488350823144316,1.0,0.0,0.0,0,0
0,0.0,1,1,0,16,3,2026,8,0,0.20488350823144316,1.0,0.20488350823144316,1.0,1.0,0.0,1,0
0,0.0,1,0,0,1,3,2026,8,0,0.24586020987773177,0.0,0.24586020987773177,0.0,0.0,0.0,1,0
0,69.99,1,0,0,9,1,2026,9,0,0.8390273681262418,6.0,1.4297240139918488,70.0,6.0,0.0,0,0
0,0.0,1,0,0,1,3,2026,8,0,0.3715501748981098,1.0,0.3715501748981098,1.0,1.0,0.0,1,0
0,0.0,1,1,0,2,1,2026,8,0,0.461328721341237,2.0,0.461328721341237,2.0,2.0,0.0,1,0
0,0.0,1,1,0,1,3,2026,8,0,0.24586020987773177,0.0,0.24586020987773177,0.0,0.0,0.0,1,0
0,0.0,1,0,1,13,2,2026,8,0,0.24586020987773177,0.0,0.24586020987773177,0.0,0.0,0.0,1,0
0,0.0,1,0,0,9,4,2026,8,0,0.24586020987773177,0.0,0.24586020987773177,0.0,0.0,0.0,1,0
0,0.0,1,0,1,14,2,2026,8,0,0.20488350823144316,1.0,0.17561443562695128,2.0,1.0,0.0,1,0
0,0.0,1,0,0,3,1,2026,8,0,0.24586020987773177,0.0,0.24586020987773177,0.0,0.0,0.0,1,0
0,0.0,1,1,0,8,3,2026,8,0,0.13658900548762876,4.0,0.6592357892420472,9.0,4.0,0.0,0,0
0,0.0,1,0,1,14,3,2026,8,0,0.24586020987773177,0.0,0.24586020987773177,0.0,0.0,0.0,1,0
0,0.0,1,0,0,30,5,2026,8,0,0.17561443562695128,2.0,0.24586020987773177,0.0,2.0,0.0,1,0
0,0.0,1,0,0,5,4,2026,8,0,0.17561443562695128,2.0,0.12293010493886589,5.0,2.0,0.0,1,0
0,0.0,1,0,1,1,3,2026,8,0,0.19300568017714453,48.0,0.19300568017714453,48.0,48.0,1.0,1,0
0,0.0,1,0,0,1,7,2026,8,0,0.24586020987773177,0.0,0.24586020987773177,0.0,0.0,0.0,1,0
0,0.0,1,0,0,31,4,2026,8,0,0.24586020987773177,0.0,0.24586020987773177,0.0,0.0,0.0,1,0
0,0.0,1,0,0,12,3,2026,8,0,0.2691084207823882,7.0,0.2691084207823882,7.0,7.0,0.0,1,0
0,0.0,1,1,1,1,1,2026,8,0,0.24586020987773177,0.0,0.24586020987773177,0.0,0.0,0.0,0,0
0,0.0,1,0,0,1,2,2026,8,0,0.20488350823144316,1.0,0.20488350823144316,1.0,1.0,0.0,1,0
0,0.0,1,0,0,10,3,2026,8,0,0.20488350823144316,1.0,0.20488350823144316,1.0,1.0,0.0,1,0
0,0.0,1,0,0,22,2,2026,8,0,0.24586020987773177,0.0,0.24586020987773177,0.0,0.0,0.0,1,0
0,0.0,1,0,0,1,4,2026,8,0,0.24586020987773177,0.0,0.24586020987773177,0.0,0.0,0.0,1,0
0,0.0,1,1,1,1,1,2026,8,0,0.24586020987773177,0.0,0.24586020987773177,0.0,0.0,0.0,0,0
0,0.0,1,0,0,9,3,2026,8,0,0.13658900548762876,4.0,0.13658900548762876,4.0,4.0,0.0,1,0
0,0.0,1,0,0,1,3,2026,8,0,0.24586020987773177,0.0,0.24586020987773177,0.0,0.0,0.0,1,0
0,0.0,1,0,0,9,2,2026,8,0,0.24586020987773177,0.0,0.24586020987773177,0.0,0.0,0.0,0,0
0,0.0,1,0,0,12,4,2026,8,0,0.20488350823144316,1.0,0.20488350823144316,1.0,1.0,0.0,1,0
0,0.0,1,0,0,1,4,2026,8,0,0.08780721781347564,9.0,0.09456161918374299,8.0,9.0,0.0,0,0
0,0.0,1,0,0,9,1,2026,8,0,0.24586020987773177,0.0,0.24586020987773177,0.0,0.0,0.0,1,0
0,0.0,1,0,0,1,2,2026,8,0,0.24586020987773177,0.0,0.20488350823144316,1.0,0.0,0.0,0,0
0,0.0,1,0,0,23,3,2026,8,0,0.2477001165987399,4.0,0.2477001165987399,4.0,4.0,0.0,1,0
0,0.0,1,1,1,2,3,2026,8,0,0.24586020987773177,0.0,0.24586020987773177,0.0,0.0,0.0,1,0
0,0.0,1,1,1,1,1,2026,8,0,0.24586020987773177,0.0,0.24586020987773177,0.0,0.0,0.0,1,0
0,0.0,1,0,0,1,2,2026,8,0,0.20488350823144316,1.0,0.20488350823144316,1.0,1.0,0.0,1,0
0,0.0,1,0,0,12,4,2026,8,0,0.24586020987773177,0.0,0.24586020987773177,0.0,0.0,0.0,0,0
0,0.0,1,0,0,1,2,2026,8,0,0.24586020987773177,0.0,0.24586020987773177,0.0,0.0,0.0,0,0
0,0.0,1,0,0,1,4,2026,8,0,0.24586020987773177,0.0,0.24586020987773177,0.0,0.0,0.0,1,0
0,0.0,1,0,0,1,4,2026,8,0,0.24586020987773177,0.0,0.24586020987773177,0.0,0.0,0.0,1,0
0,0.0,1,0,0,9,3,2026,8,0,0.24586020987773177,0.0,0.24586020987773177,0.0,0.0,0.0,1,0
0,0.0,1,0,0,9,5,2026,8,0,0.24586020987773177,0.0,0.24586020987773177,0.0,0.0,0.0,1,0
0,0.0,1,0,1,1,3,2026,8,0,0.24586020987773177,0.0,0.24586020987773177,0.0,0.0,0.0,1,0
0,0.0,1,0,0,1,4,2026,8,0,0.24586020987773177,0.0,0.24586020987773177,0.0,0.0,0.0,1,0
0,0.0,1,0,0,4,3,2026,8,0,0.24586020987773177,0.0,0.10091565779339559,27.0,0.0,0.0,0,0
0,0.0,1,0,0,6,4,2026,8,0,0.24586020987773177,0.0,0.24586020987773177,0.0,0.0,0.0,1,0
0,0.0,1,0,0,1,2,2026,8,0,0.13658900548762876,4.0,0.13658900548762876,4.0,4.0,0.0,1,0
0,0.0,1,0,0,1,3,2026,8,0,0.24586020987773177,0.0,0.24586020987773177,0.0,0.0,0.0,1,0
0,0.0,1,0,1,10,1,2026,8,0,0.24586020987773177,0.0,0.24586020987773177,0.0,0.0,0.0,1,0
0,0.0,1,0,0,13,3,2026,8,0,0.24586020987773177,0.0,0.24586020987773177,0.0,0.0,0.0,1,0
0,0.0,1,0,0,7,3,2026,8,0,0.24586020987773177,0.0,0.24586020987773177,0.0,0.0,0.0,1,0
0,0.0,1,1,0,6,3,2026,8,0,0.24586020987773177,0.0,0.24586020987773177,0.0,0.0,0.0,1,0
0,0.0,1,0,0,15,3,2026,9,0,0.20488350823144316,1.0,0.20488350823144316,1.0,1.0,0.0,1,0
0,0.0,1,0,0,1,3,2026,8,0,0.24586020987773177,0.0,0.24586020987773177,0.0,0.0,0.0,1,0
0,0.0,1,0,0,14,3,2026,8,0,0.24586020987773177,0.0,0.24586020987773177,0.0,0.0,0.0,0,0
0,0.0,1,0,1,2,2,2026,8,0,0.24586020987773177,0.0,0.24586020987773177,0.0,0.0,0.0,1,0
0,0.0,1,0,0,10,3,2026,8,0,0.24586020987773177,0.0,0.24586020987773177,0.0,0.0,0.0,1,0
16,49.99,1,0,0,13,2,2026,9,0,0.24586020987773177,0.0,0.24586020987773177,0.0,0.0,0.0,0,1
0,0.0,1,1,0,3,2,2026,8,0,0.24586020987773177,0.0,0.24586020987773177,0.0,0.0,0.0,1,0
0,0.0,1,0,0,4,3,2027,1,0,0.24586020987773177,0.0,0.24586020987773177,0.0,0.0,0.0,1,0
0,0.0,1,0,0,1,4,2026,8,0,0.24586020987773177,0.0,0.24586020987773177,0.0,0.0,0.0,1,0
0,0.0,1,0,0,1,4,2026,8,0,0.24586020987773177,0.0,0.24586020987773177,0.0,0.0,0.0,1,0
0,0.0,1,0,1,1,4,2026,8,0,0.24586020987773177,0.0,0.24586020987773177,0.0,0.0,0.0,1,0
0,0.0,1,0,1,14,3,2026,8,0,0.24586020987773177,0.0,0.24586020987773177,0.0,0.0,0.0,1,0
0,0.0,1,0,0,10,1,2026,8,0,0.24586020987773177,0.0,0.24586020987773177,0.0,0.0,0.0,1,0
0,0.0,1,1,1,1,2,2026,8,0,0.24586020987773177,0.0,0.24586020987773177,0.0,0.0,0.0,1,0
0,0.0,1,0,0,2,1,2026,8,0,0.13658900548762876,4.0,0.20488350823144316,1.0,4.0,0.0,1,0
0,0.0,1,0,0,14,4,2026,8,0,0.24586020987773177,0.0,0.24586020987773177,0.0,0.0,0.0,1,0
0,0.0,1,0,1,14,4,2026,8,0,0.24586020987773177,0.0,0.24586020987773177,0.0,0.0,0.0,1,0
0,0.0,1,0,0,1,5,2026,8,0,0.17561443562695128,2.0,0.13658900548762876,4.0,2.0,0.0,1,0
0,0.0,1,0,0,17,4,2026,8,0,0.20488350823144316,1.0,0.34862006995924394,10.0,1.0,0.0,0,0
0,0.0,1,0,0,2,5,2026,8,0,0.015560772777071631,74.0,0.015560772777071631,74.0,74.0,2.0,1,0
0,0.0,1,0,0,7,2,2026,8,0,0.24586020987773177,0.0,0.24586020987773177,0.0,0.0,0.0,1,0
0,0.0,1,0,0,1,2,2026,8,0,0.20488350823144316,1.0,0.20488350823144316,1.0,1.0,0.0,1,0
0,0.0,1,0,0,10,4,2026,8,0,0.24586020987773177,0.0,0.24586020987773177,0.0,0.0,0.0,1,0
0,0.0,1,0,0,18,3,2026,8,0,0.24586020987773177,0.0,0.24586020987773177,0.0,0.0,0.0,1,0
0,0.0,1,0,0,1,1,2026,8,0,0.24586020987773177,0.0,0.24586020987773177,0.0,0.0,0.0,1,0
0,0.0,1,0,1,14,3,2026,8,0,0.24586020987773177,0.0,0.24586020987773177,0.0,0.0,0.0,1,0
0,0.0,1,0,0,10,2,2026,8,0,0.31847157848409413,2.0,0.27866263117358236,3.0,2.0,0.0,1,0
0,0.0,1,0,0,1,3,2026,8,0,0.24586020987773177,0.0,0.24586020987773177,0.0,0.0,0.0,1,0
0,0.0,1,0,0,1,2,2026,8,0,0.24586020987773177,0.0,0.24586020987773177,0.0,0.0,0.0,1,0
0,0.0,1,0,0,2,2,2026,8,0,0.24586020987773177,0.0,0.24586020987773177,0.0,0.0,0.0,1,0
0,0.0,1,0,0,2,2,2026,8,0,0.20488350823144316,1.0,0.20488350823144316,1.0,1.0,0.0,1,0
0,0.0,1,0,0,10,7,2026,8,0,0.24586020987773177,0.0,0.24586020987773177,0.0,0.0,0.0,1,0
0,0.0,1,0,0,1,4,2026,8,0,0.20488350823144316,1.0,0.20488350823144316,1.0,1.0,0.0,1,0
0,0.0,1,1,0,10,2,2026,8,0,0.24586020987773177,0.0,0.24586020987773177,0.0,0.0,0.0,1,0
0,0.0,1,0,0,1,4,2026,8,0,0.24586020987773177,0.0,0.24586020987773177,0.0,0.0,0.0,1,0
0,0.0,1,0,0,14,3,2026,9,0,0.3715501748981098,1.0,0.3715501748981098,1.0,1.0,0.0,1,0
0,0.0,1,0,0,2,3,2026,8,0,0.24586020987773177,0.0,0.24586020987773177,0.0,0.0,0.0,1,0
0,0.0,1,0,1,1,3,2026,8,0,0.24586020987773177,0.0,0.20488350823144316,1.0,0.0,0.0,1,0
0,0.0,1,0,0,1,2,2026,8,0,0.24586020987773177,0.0,0.24586020987773177,0.0,0.0,0.0,1,0
0,0.0,1,0,0,14,2,2026,8,0,0.24586020987773177,0.0,0.24586020987773177,0.0,0.0,0.0,1,0
0,0.0,1,0,1,1,2,2026,8,0,0.24586020987773177,0.0,0.24586020987773177,0.0,0.0,0.0,1,0
0,0.0,1,0,0,1,2,2026,8,0,0.24586020987773177,0.0,0.24586020987773177,0.0,0.0,0.0,1,0
0,0.0,1,1,0,11,3,2026,8,0,0.24586020987773177,0.0,0.15366263117358236,3.0,0.0,0.0,0,0
0,0.0,1,0,0,10,3,2026,8,0,0.24586020987773177,0.0,0.24586020987773177,0.0,0.0,0.0,1,0
0,0.0,1,0,0,7,4,2026,8,0,0.24586020987773177,0.0,0.24586020987773177,0.0,0.0,0.0,0,0
0,0.0,1,0,0,1,4,2026,8,0,0.6536626311735824,3.0,0.5382168415647764,1.0,3.0,0.0,1,0
0,0.0,1,1,1,12,3,2026,8,0,0.20488350823144316,1.0,0.20488350823144316,1.0,1.0,0.0,0,0
0,0.0,1,0,0,23,3,2026,8,0,0.3524417541157216,7.0,0.3253308499529738,8.0,7.0,0.0,1,0
0,0.0,1,0,0,10,4,2026,8,0,0.20488350823144316,1.0,0.20488350823144316,1.0,1.0,0.0,1,0
0,0.0,1,0,0,2,5,2026,8,0,0.24586020987773177,0.0,0.24586020987773177,0.0,0.0,0.0,1,0
0,0.0,1,0,0,2,4,2026,8,0,0.24586020987773177,0.0,0.24586020987773177,0.0,0.0,0.0,1,0
0,0.0,1,0,0,2,2,2026,8,0,0.24586020987773177,0.0,0.24586020987773177,0.0,0.0,0.0,1,0
0,0.0,1,0,1,14,2,2026,8,0,0.24586020987773177,0.0,0.24586020987773177,0.0,0.0,0.0,1,0
0,0.0,1,0,0,4,1,2026,8,0,0.24586020987773177,0.0,0.24586020987773177,0.0,0.0,0.0,1,0
0,0.0,1,0,0,19,6,2026,8,0,0.24586020987773177,0.0,0.24586020987773177,0.0,0.0,0.0,1,0
0,0.0,1,0,0,3,3,2026,8,0,0.24586020987773177,0.0,0.24586020987773177,0.0,0.0,0.0,1,0
0,0.0,1,1,0,1,2,2026,8,0,0.24586020987773177,0.0,0.24586020987773177,0.0,0.0,0.0,0,0
0,0.0,1,0,0,1,4,2026,8,0,0.24586020987773177,0.0,0.24586020987773177,0.0,0.0,0.0,1,0
0,0.0,1,1,0,1,5,2026,8,0,0.08780721781347564,9.0,0.08780721781347564,9.0,9.0,0.0,1,0
0,0.0,1,0,0,4,6,2026,8,0,0.24586020987773177,0.0,0.24586020987773177,0.0,0.0,0.0,1,0
0,0.0,1,0,0,1,3,2026,8,0,0.24586020987773177,0.0,0.24586020987773177,0.0,0.0,0.0,0,0
0,0.0,1,1,1,1,3,2026,8,0,0.24586020987773177,0.0,0.24586020987773177,0.0,0.0,0.0,0,0
0,0.0,1,0,0,15,3,2026,8,0,0.20488350823144316,1.0,0.20488350823144316,1.0,1.0,0.0,1,0
0,0.0,1,0,0,11,4,2026,8,0,0.27866263117358236,3.0,0.31847157848409413,2.0,3.0,0.0,1,0
0,0.0,1,0,0,3,4,2026,8,0,0.24586020987773177,0.0,0.24586020987773177,0.0,0.0,0.0,1,0
0,0.0,1,1,1,23,2,2026,8,0,0.31847157848409413,2.0,0.31847157848409413,2.0,2.0,0.0,1,0
0,0.0,1,0,0,1,3,2026,8,0,0.2229301049388659,5.0,0.2229301049388659,5.0,5.0,0.0,1,0
0,0.0,1,0,0,4,3,2026,8,0,0.24586020987773177,0.0,0.24586020987773177,0.0,0.0,0.0,1,0
0,0.0,1,0,0,1,3,2026,8,0,0.24586020987773177,0.0,0.24586020987773177,0.0,0.0,0.0,0,0
0,0.0,1,1,1,7,6,2026,8,0,0.24586020987773177,0.0,0.24586020987773177,0.0,0.0,0.0,1,0
0,0.0,1,0,0,1,2,2026,8,0,0.24586020987773177,0.0,0.24586020987773177,0.0,0.0,0.0,1,0
0,0.0,1,0,0,1,2,2026,8,0,0.20488350823144316,1.0,0.17561443562695128,2.0,1.0,0.0,1,0
0,0.0,1,1,1,4,2,2026,8,0,0.24586020987773177,0.0,0.24586020987773177,0.0,0.0,0.0,1,0
0,0.0,1,0,0,1,3,2026,8,0,0.17561443562695128,2.0,0.17561443562695128,2.0,2.0,0.0,0,0
0,0.0,1,0,0,1,4,2026,8,0,0.24586020987773177,0.0,0.24586020987773177,0.0,0.0,0.0,1,0
0,0.0,1,0,0,1,3,2026,8,0,0.24586020987773177,0.0,0.24586020987773177,0.0,0.0,0.0,1,0
0,0.0,1,0,0,1,3,2026,8,0,0.24586020987773177,0.0,0.24586020987773177,0.0,0.0,0.0,1,0
0,0.0,1,0,1,3,1,2026,8,0,0.24586020987773177,0.0,0.24586020987773177,0.0,0.0,0.0,1,0
0,0.0,1,0,0,2,4,2026,8,0,0.24586020987773177,0.0,0.24586020987773177,0.0,0.0,0.0,1,0
0,0.0,1,0,0,10,4,2026,8,0,0.24586020987773177,0.0,0.05853814520898376,16.0,0.0,0.0,0,0
0,0.0,1,0,0,1,3,2026,8,0,0.24586020987773177,0.0,0.24586020987773177,0.0,0.0,0.0,1,0
0,0.0,1,0,0,6,1,2026,8,0,0.24586020987773177,0.0,0.24586020987773177,0.0,0.0,0.0,1,0
0,0.0,1,0,0,1,3,2026,8,0,0.24586020987773177,0.0,0.24586020987773177,0.0,0.0,0.0,1,0
0,0.0,1,0,0,1,3,2026,8,0,0.24586020987773177,0.0,0.24586020987773177,0.0,0.0,0.0,1,0
0,0.0,1,0,0,2,3,2026,8,0,0.24586020987773177,0.0,0.24586020987773177,0.0,0.0,0.0,0,0
0,0.0,1,0,0,2,6,2026,8,0,0.24586020987773177,0.0,0.24586020987773177,0.0,0.0,0.0,1,0
0,0.0,1,0,0,1,3,2026,8,0,0.24586020987773177,0.0,0.24586020987773177,0.0,0.0,0.0,1,0
0,0.0,1,1,0,15,2,2026,8,0,0.24586020987773177,0.0,0.24586020987773177,0.0,0.0,0.0,0,0
0,0.0,1,0,0,1,3,2026,8,0,0.05587732042675722,17.0,0.05587732042675722,17.0,17.0,1.0,0,0
0,0.0,1,0,0,1,3,2026,8,0,0.24586020987773177,0.0,0.24586020987773177,0.0,0.0,0.0,0,0
0,0.0,1,0,0,1,3,2026,8,0,0.24586020987773177,0.0,0.24586020987773177,0.0,0.0,0.0,1,0
0,0.0,1,0,0,1,2,2026,8,0,0.24586020987773177,0.0,0.24586020987773177,0.0,0.0,0.0,1,0
0,0.0,1,1,0,1,1,2026,8,0,0.24586020987773177,0.0,0.24586020987773177,0.0,0.0,0.0,1,0
0,49.99,1,0,0,17,2,2026,10,0,1.014331315586791,11.0,1.014331315586791,11.0,11.0,1.0,1,0
0,0.0,1,0,0,16,1,2026,8,0,0.20488350823144316,1.0,0.20488350823144316,1.0,1.0,0.0,1,0
0,0.0,1,0,0,9,3,2026,8,0,0.24586020987773177,0.0,0.24586020987773177,0.0,0.0,0.0,1,0
18,49.99,1,0,0,6,2,2026,8,0,1.0696656577933956,27.0,0.9349879491273907,53.0,27.0,1.0,1,1
0,0.0,1,0,0,1,2,2026,8,0,0.24586020987773177,0.0,0.24586020987773177,0.0,0.0,0.0,1,0
0,0.0,1,0,0,2,3,2026,8,0,0.24586020987773177,0.0,0.24586020987773177,0.0,0.0,0.0,1,0
0,0.0,1,0,0,1,3,2026,8,0,0.24586020987773177,0.0,0.24586020987773177,0.0,0.0,0.0,1,0
0,0.0,1,1,1,1,4,2026,8,0,0.24586020987773177,0.0,0.24586020987773177,0.0,0.0,0.0,1,0
0,0.0,1,0,0,2,5,2026,8,0,0.24586020987773177,0.0,0.24586020987773177,0.0,0.0,0.0,1,0
0,0.0,1,0,1,1,1,2026,8,0,0.24586020987773177,0.0,0.24586020987773177,0.0,0.0,0.0,1,0
0,0.0,1,0,0,1,4,2026,8,0,0.20488350823144316,1.0,0.20488350823144316,1.0,1.0,0.0,1,0
0,0.0,1,0,0,14,1,2026,8,0,0.24586020987773177,0.0,0.24586020987773177,0.0,0.0,0.0,1,0
0,0.0,1,0,0,1,3,2026,8,0,0.24586020987773177,0.0,0.24586020987773177,0.0,0.0,0.0,1,0
0,0.0,1,1,0,7,4,2026,8,0,0.24586020987773177,0.0,0.24586020987773177,0.0,0.0,0.0,1,0
0,0.0,1,1,1,1,3,2026,8,0,0.24586020987773177,0.0,0.24586020987773177,0.0,0.0,0.0,1,0
0,0.0,1,0,0,1,3,2026,8,0,0.24586020987773177,0.0,0.24586020987773177,0.0,0.0,0.0,1,0
0,0.0,1,0,0,2,3,2026,8,0,0.17561443562695128,2.0,0.17561443562695128,2.0,2.0,0.0,1,0
0,0.0,1,1,1,1,3,2026,8,0,0.24586020987773177,0.0,0.24586020987773177,0.0,0.0,0.0,1,0
0,0.0,1,0,0,14,3,2026,9,0,0.24586020987773177,0.0,0.24586020987773177,0.0,0.0,0.0,1,0
0,0.0,1,1,0,10,3,2026,9,0,0.24586020987773177,0.0,0.24586020987773177,0.0,0.0,0.0,1,0
0,0.0,1,0,0,1,1,2026,8,0,0.11175464085351444,6.0,0.11175464085351444,6.0,6.0,0.0,1,0
0,0.0,1,1,0,1,4,2026,8,0,0.24586020987773177,0.0,0.24586020987773177,0.0,0.0,0.0,1,0
0,0.0,1,0,0,4,1,2026,8,0,0.24586020987773177,0.0,0.24586020987773177,0.0,0.0,0.0,1,0
0,0.0,1,0,0,4,3,2026,8,0,0.24586020987773177,0.0,0.24586020987773177,0.0,0.0,0.0,1,0
0,0.0,1,0,0,1,1,2026,8,0,0.24586020987773177,0.0,0.24586020987773177,0.0,0.0,0.0,1,0
0,0.0,1,0,0,10,4,2026,8,0,0.24586020987773177,0.0,0.24586020987773177,0.0,0.0,0.0,1,0
0,0.0,1,0,0,8,1,2026,8,0,0.20488350823144316,1.0,0.24586020987773177,0.0,1.0,0.0,0,0
0,0.0,1,0,0,1,2,2026,8,0,0.24586020987773177,0.0,0.24586020987773177,0.0,0.0,0.0,1,0
0,0.0,1,0,0,1,3,2026,8,0,0.24586020987773177,0.0,0.24586020987773177,0.0,0.0,0.0,1,0
0,0.0,1,0,0,2,3,2026,8,0,0.24586020987773177,0.0,0.24586020987773177,0.0,0.0,0.0,1,0
0,0.0,1,0,0,4,3,2026,8,0,0.24586020987773177,0.0,0.24586020987773177,0.0,0.0,0.0,1,0
0,0.0,1,0,0,8,2,2026,8,0,0.24586020987773177,0.0,0.24586020987773177,0.0,0.0,0.0,0,0
0,0.0,1,0,0,1,1,2026,8,0,0.24586020987773177,0.0,0.24586020987773177,0.0,0.0,0.0,1,0
0,0.0,1,0,0,1,4,2026,8,0,0.24586020987773177,0.0,0.24586020987773177,0.0,0.0,0.0,0,0
0,0.0,1,1,1,1,3,2026,8,0,0.24586020987773177,0.0,0.24586020987773177,0.0,0.0,0.0,1,0
0,0.0,1,1,1,10,2,2026,8,0,0.24586020987773177,0.0,0.24586020987773177,0.0,0.0,0.0,1,0
0,0.0,1,0,0,1,2,2026,8,0,0.24586020987773177,0.0,0.24586020987773177,0.0,0.0,0.0,0,0
0,0.0,1,0,0,7,6,2026,8,0,0.24586020987773177,0.0,0.24586020987773177,0.0,0.0,0.0,1,0
0,0.0,1,0,0,1,5,2026,8,0,0.5382168415647764,1.0,0.5382168415647764,1.0,1.0,0.0,1,0
0,0.0,1,0,0,1,3,2026,8,0,0.24586020987773177,0.0,0.24586020987773177,0.0,0.0,0.0,1,0
0,0.0,1,0,0,4,3,2026,8,0,0.20488350823144316,1.0,0.20488350823144316,1.0,1.0,0.0,1,0
0,0.0,1,1,1,1,2,2026,8,0,0.12293010493886589,5.0,0.12293010493886589,5.0,5.0,0.0,1,0
0,0.0,1,0,0,18,5,2026,8,0,0.24586020987773177,0.0,0.24586020987773177,0.0,0.0,0.0,1,0
0,0.0,1,0,0,31,3,2026,8,0,0.17561443562695128,2.0,0.17561443562695128,2.0,2.0,0.0,1,0
0,0.0,1,0,0,6,3,2026,8,0,0.24586020987773177,0.0,0.24586020987773177,0.0,0.0,0.0,1,0
0,0.0,1,0,0,9,4,2026,9,0,0.31847157848409413,2.0,1.0848381551483364,92.0,2.0,0.0,0,1
0,0.0,1,0,0,1,2,2026,8,0,0.24586020987773177,0.0,0.24586020987773177,0.0,0.0,0.0,0,0
0,0.0,1,0,0,1,1,2026,8,0,0.24586020987773177,0.0,0.24586020987773177,0.0,0.0,0.0,1,0
0,0.0,1,0,0,9,6,2026,8,0,0.24586020987773177,0.0,0.3715501748981098,1.0,0.0,0.0,0,0
0,0.0,1,1,1,1,5,2026,8,0,0.24586020987773177,0.0,0.24586020987773177,0.0,0.0,0.0,1,0
0,0.0,1,0,1,103,4,2026,8,0,0.24586020987773177,0.0,0.24586020987773177,0.0,0.0,0.0,0,0
0,0.0,1,0,0,12,2,2026,8,0,0.35881122770985097,4.0,0.24586020987773177,0.0,4.0,0.0,0,0
0,0.0,1,0,0,1,2,2026,8,0,0.24586020987773177,0.0,0.24586020987773177,0.0,0.0,0.0,1,0
0,0.0,1,0,0,1,2,2026,8,0,0.24586020987773177,0.0,0.24586020987773177,0.0,0.0,0.0,1,0
0,0.0,1,0,0,12,2,2026,8,0,0.24586020987773177,0.0,0.20488350823144316,1.0,0.0,0.0,0,0
0,0.0,1,0,0,1,1,2026,8,0,0.24586020987773177,0.0,0.24586020987773177,0.0,0.0,0.0,1,0
0,0.0,1,0,0,1,5,2026,8,0,0.24586020987773177,0.0,0.24586020987773177,0.0,0.0,0.0,1,0
0,0.0,1,1,1,30,6,2026,8,0,0.24586020987773177,0.0,0.24586020987773177,0.0,0.0,0.0,1,0
0,0.0,1,0,0,12,2,2027,1,0,0.3715501748981098,1.0,0.3715501748981098,1.0,1.0,0.0,1,0
0,0.0,1,0,0,1,4,2026,8,0,0.24586020987773177,0.0,0.24586020987773177,0.0,0.0,0.0,1,0
0,0.0,1,0,0,7,3,2026,8,0,0.24586020987773177,0.0,0.24586020987773177,0.0,0.0,0.0,1,0
0,0.0,1,0,0,8,5,2026,8,0,0.24586020987773177,0.0,0.24586020987773177,0.0,0.0,0.0,1,0
0,0.0,1,0,0,103,2,2026,8,0,0.24586020987773177,0.0,0.24586020987773177,0.0,0.0,0.0,1,0
0,0.0,1,1,0,14,2,2026,8,0,0.5810334499320732,4.0,0.6536626311735824,3.0,4.0,0.0,1,0
0,0.0,1,1,1,14,2,2026,8,0,0.24586020987773177,0.0,0.24586020987773177,0.0,0.0,0.0,1,0
0,0.0,1,0,0,1,5,2026,8,0,0.24586020987773177,0.0,0.20488350823144316,1.0,0.0,0.0,1,0
0,0.0,1,1,0,8,3,2026,8,0,0.24586020987773177,0.0,0.24586020987773177,0.0,0.0,0.0,1,0
0,0.0,1,0,0,11,3,2026,9,0,0.6041858641983798,2.0,1.1709129823960862,49.0,2.0,0.0,0,1
0,0.0,1,0,1,16,3,2026,11,1,0.24586020987773177,0.0,0.24586020987773177,0.0,0.0,0.0,1,0
0,59.99,1,0,0,15,3,2026,9,0,1.1024417541157217,7.0,0.822930104938866,5.0,7.0,0.0,1,1
0,0.0,1,1,1,13,3,2026,8,0,0.3715501748981098,1.0,0.24586020987773177,0.0,1.0,0.0,0,0
0,0.0,1,0,0,11,3,2026,8,0,0.12293010493886589,5.0,0.13933131558679118,11.0,5.0,0.0,1,0
0,0.0,1,0,0,13,2,2026,8,0,0.24586020987773177,0.0,0.24586020987773177,0.0,0.0,0.0,1,0
0,0.0,1,0,0,5,1,2026,8,0,0.11175464085351444,6.0,0.24586020987773177,0.0,6.0,0.0,1,0
0,0.0,1,0,0,20,4,2026,8,0,0.24586020987773177,0.0,0.24586020987773177,0.0,0.0,0.0,1,0
0,0.0,1,0,0,12,2,2026,8,0,0.8524417541157217,7.0,1.1900673989086135,133.0,7.0,0.0,0,1
0,0.0,1,0,0,1,4,2026,8,0,0.24586020987773177,0.0,0.24586020987773177,0.0,0.0,0.0,1,0
0,0.0,1,0,0,1,2,2026,8,0,0.24586020987773177,0.0,0.24586020987773177,0.0,0.0,0.0,1,0
0,0.0,1,0,0,17,2,2026,8,0,0.23496116941048106,13.0,0.23496116941048106,13.0,13.0,1.0,1,0
0,0.0,1,0,0,13,3,2026,8,0,0.24586020987773177,0.0,0.24586020987773177,0.0,0.0,0.0,1,0
0,0.0,1,0,0,5,3,2026,8,0,0.24586020987773177,0.0,0.24586020987773177,0.0,0.0,0.0,1,0
0,0.0,1,0,0,10,4,2026,8,0,0.24586020987773177,0.0,0.24586020987773177,0.0,0.0,0.0,1,0
0,0.0,1,0,0,8,2,2026,8,0,0.2691084207823882,7.0,0.1857750874490549,7.0,7.0,0.0,1,0
0,0.0,1,0,0,5,4,2026,8,0,0.20488350823144316,1.0,0.31847157848409413,2.0,1.0,0.0,1,0
0,0.0,1,0,0,29,3,2026,8,0,0.13658900548762876,4.0,0.13658900548762876,4.0,4.0,0.0,1,0
0,0.0,1,0,0,14,3,2026,8,0,0.24586020987773177,0.0,0.24586020987773177,0.0,0.0,0.0,1,0
0,0.0,1,0,0,2,1,2026,8,0,0.24586020987773177,0.0,0.32293010493886587,5.0,0.0,0.0,0,0
0,59.99,1,0,0,12,2,2026,8,0,0.8893313155867912,11.0,1.1658139430277759,117.0,11.0,1.0,0,0
0,0.0,1,0,0,8,2,2026,8,0,0.3715501748981098,1.0,0.10244175411572158,7.0,1.0,0.0,0,0
0,49.99,1,0,0,8,1,2026,10,0,0.3715501748981098,1.0,1.2417487081129133,149.0,1.0,0.0,1,1
0,0.0,1,0,0,30,2,2026,8,0,0.24586020987773177,0.0,0.24586020987773177,0.0,0.0,0.0,1,0
16,49.99,1,0,0,6,2,2026,8,0,1.0696656577933956,27.0,0.9349879491273907,53.0,27.0,1.0,1,1
0,0.0,1,0,0,9,2,2026,8,0,0.24586020987773177,0.0,0.24586020987773177,0.0,0.0,0.0,1,0
0,0.0,1,0,0,6,2,2027,1,0,0.11175464085351444,6.0,0.24586020987773177,0.0,6.0,0.0,0,0
0,0.0,1,0,0,14,3,2026,8,0,0.24586020987773177,0.0,0.24586020987773177,0.0,0.0,0.0,1,0
0,0.0,1,0,0,10,2,2026,8,0,0.20488350823144316,1.0,0.20488350823144316,1.0,1.0,0.0,1,0
0,0.0,1,0,0,9,3,2026,9,0,0.24586020987773177,0.0,0.3715501748981098,1.0,0.0,0.0,0,0
0,0.0,1,0,0,1,4,2026,8,0,0.24586020987773177,0.0,0.24586020987773177,0.0,0.0,0.0,1,0
0,0.0,1,0,0,6,6,2026,9,0,0.24586020987773177,0.0,0.5127389471882589,13.0,0.0,0.0,0,0
0,0.0,1,0,0,8,4,2027,1,0,0.24586020987773177,0.0,0.24586020987773177,0.0,0.0,0.0,1,0
0,0.0,1,0,0,3,2,2026,8,0,0.20488350823144316,1.0,0.17561443562695128,2.0,1.0,0.0,0,0
0,0.0,1,0,0,1,2,2026,8,0,0.24586020987773177,0.0,0.24586020987773177,0.0,0.0,0.0,1,0
0,0.0,1,0,0,1,2,2026,8,0,0.24586020987773177,0.0,0.20183131558679118,11.0,0.0,0.0,0,0
0,0.0,1,0,0,10,5,2026,8,0,0.24586020987773177,0.0,0.24586020987773177,0.0,0.0,0.0,1,0
0,0.0,1,1,0,14,3,2026,8,0,0.24586020987773177,0.0,0.24586020987773177,0.0,0.0,0.0,1,0
0,0.0,1,0,0,4,5,2026,8,0,0.15366263117358236,3.0,0.17561443562695128,2.0,3.0,0.0,1,0
0,0.0,1,0,0,2,4,2026,8,0,0.24586020987773177,0.0,0.24586020987773177,0.0,0.0,0.0,1,0
0,0.0,1,0,0,2,3,2026,8,0,0.20488350823144316,1.0,0.20488350823144316,1.0,1.0,0.0,1,0
0,0.0,1,1,1,5,1,2026,8,0,0.24586020987773177,0.0,0.35497311728417924,21.0,0.0,0.0,0,0
0,0.0,1,0,0,1,4,2026,8,0,0.24586020987773177,0.0,0.24586020987773177,0.0,0.0,0.0,1,0
0,0.0,1,0,0,12,4,2026,8,0,0.24586020987773177,0.0,0.24586020987773177,0.0,0.0,0.0,1,0
0,0.0,1,0,0,9,2,2026,8,0,0.15366263117358236,3.0,0.15366263117358236,3.0,3.0,0.0,1,0
0,0.0,1,0,0,12,4,2026,8,0,0.24586020987773177,0.0,0.24586020987773177,0.0,0.0,0.0,0,0
0,0.0,1,0,1,2,4,2026,8,0,0.24586020987773177,0.0,0.31847157848409413,2.0,0.0,0.0,1,0
0,0.0,1,0,0,3,3,2026,8,0,0.24586020987773177,0.0,0.24586020987773177,0.0,0.0,0.0,1,0
0,0.0,1,1,0,14,2,2026,8,0,0.24586020987773177,0.0,0.24586020987773177,0.0,0.0,0.0,1,0
0,0.0,1,0,0,6,1,2026,8,0,0.20488350823144316,1.0,0.20488350823144316,1.0,1.0,0.0,1,0
0,0.0,1,0,0,1,4,2026,8,0,0.24586020987773177,0.0,0.24586020987773177,0.0,0.0,0.0,1,0
0,0.0,1,0,0,1,6,2026,8,0,0.2229301049388659,5.0,0.13658900548762876,4.0,5.0,0.0,1,0
0,0.0,1,0,0,1,3,2026,8,0,0.20488350823144316,1.0,0.20488350823144316,1.0,1.0,0.0,1,0
0,0.0,1,0,0,2,3,2026,8,0,0.24586020987773177,0.0,0.24586020987773177,0.0,0.0,0.0,1,0
0,0.0,1,0,0,1,4,2026,8,0,0.24586020987773177,0.0,0.24586020987773177,0.0,0.0,0.0,0,0
0,0.0,1,0,0,2,2,2026,8,0,0.24586020987773177,0.0,0.24586020987773177,0.0,0.0,0.0,1,0
0,0.0,1,0,0,1,3,2026,8,0,0.24586020987773177,0.0,0.13541958803018825,41.0,0.0,0.0,0,0
0,0.0,1,1,1,1,3,2026,8,0,0.24586020987773177,0.0,0.24586020987773177,0.0,0.0,0.0,1,0
0,0.0,1,0,0,15,2,2026,8,0,0.24586020987773177,0.0,0.24586020987773177,0.0,0.0,0.0,1,0
0,0.0,1,1,0,1,3,2026,8,0,0.24586020987773177,0.0,0.24586020987773177,0.0,0.0,0.0,1,0
0,0.0,1,0,0,4,2,2026,8,0,0.3557325262347165,35.0,0.20488350823144316,1.0,35.0,1.0,0,0
0,0.0,1,1,0,5,4,2026,8,0,0.24586020987773177,0.0,0.24586020987773177,0.0,0.0,0.0,1,0
0,0.0,1,0,0,2,2,2026,8,0,0.24586020987773177,0.0,0.24586020987773177,0.0,0.0,0.0,1,0
0,0.0,1,0,0,1,3,2026,8,0,0.24586020987773177,0.0,0.24586020987773177,0.0,0.0,0.0,1,0
0,0.0,1,0,0,1,1,2026,8,0,0.24586020987773177,0.0,0.24586020987773177,0.0,0.0,0.0,1,0
0,0.0,1,0,0,1,2,2026,8,0,0.24586020987773177,0.0,0.17561443562695128,2.0,0.0,0.0,1,0
0,0.0,1,0,0,1,2,2026,8,0,0.20488350823144316,1.0,0.20488350823144316,1.0,1.0,0.0,1,0
0,0.0,1,0,0,14,2,2026,8,0,0.24586020987773177,0.0,0.24586020987773177,0.0,0.0,0.0,1,0
0,0.0,1,0,0,14,3,2026,8,0,0.31847157848409413,2.0,0.31847157848409413,2.0,2.0,0.0,1,0
0,0.0,1,0,0,16,3,2026,8,0,0.31847157848409413,2.0,0.31847157848409413,2.0,2.0,0.0,1,0
0,0.0,1,1,0,4,4,2026,8,0,0.24586020987773177,0.0,0.24586020987773177,0.0,0.0,0.0,1,0
0,0.0,1,0,0,1,2,2026,8,0,0.24586020987773177,0.0,0.24586020987773177,0.0,0.0,0.0,1,0
0,0.0,1,0,0,1,3,2026,8,0,0.24586020987773177,0.0,0.24586020987773177,0.0,0.0,0.0,1,0
0,0.0,1,1,1,1,2,2026,8,0,0.24586020987773177,0.0,0.24586020987773177,0.0,0.0,0.0,1,0
0,0.0,1,0,0,1,2,2026,8,0,0.24586020987773177,0.0,0.24586020987773177,0.0,0.0,0.0,1,0
0,0.0,1,0,0,1,2,2026,8,0,0.24586020987773177,0.0,0.24586020987773177,0.0,0.0,0.0,1,0
0,0.0,1,0,0,3,2,2026,8,0,0.20488350823144316,1.0,0.24586020987773177,0.0,1.0,0.0,1,0
0,0.0,1,0,0,1,3,2026,8,0,0.24586020987773177,0.0,0.24586020987773177,0.0,0.0,0.0,1,0
0,0.0,1,0,0,4,1,2026,8,0,0.15366263117358236,3.0,0.15366263117358236,3.0,3.0,0.0,1,0
0,0.0,1,0,0,13,3,2026,8,0,0.24586020987773177,0.0,0.24586020987773177,0.0,0.0,0.0,1,0
0,0.0,1,0,0,1,3,2026,8,0,0.17561443562695128,2.0,0.17561443562695128,2.0,2.0,0.0,1,0
0,0.0,1,0,0,1,4,2026,9,0,0.5382168415647764,1.0,0.24586020987773177,0.0,1.0,0.0,1,0
0,0.0,1,0,0,2,3,2026,8,0,0.24586020987773177,0.0,0.09456161918374299,8.0,0.0,0.0,0,0
0,0.0,1,0,0,9,3,2026,8,0,0.24586020987773177,0.0,0.24586020987773177,0.0,0.0,0.0,1,0
0,0.0,1,0,0,1,5,2026,8,0,0.24586020987773177,0.0,0.24586020987773177,0.0,0.0,0.0,1,0
0,0.0,1,0,1,9,4,2026,8,0,0.24586020987773177,0.0,0.15366263117358236,3.0,0.0,0.0,1,0
0,0.0,1,1,0,17,5,2026,8,0,0.24586020987773177,0.0,0.24586020987773177,0.0,0.0,0.0,1,0
0,0.0,1,0,0,5,2,2026,8,0,0.24586020987773177,0.0,0.24586020987773177,0.0,0.0,0.0,0,0
0,0.0,1,0,0,26,4,2026,8,0,0.24586020987773177,0.0,0.24586020987773177,0.0,0.0,0.0,1,0
0,0.0,1,0,0,3,4,2026,8,0,0.20488350823144316,1.0,0.20488350823144316,1.0,1.0,0.0,1,0
0,0.0,1,1,0,14,4,2026,8,0,0.24586020987773177,0.0,0.24586020987773177,0.0,0.0,0.0,1,0
0,0.0,1,0,1,5,4,2026,8,0,0.20488350823144316,1.0,0.20488350823144316,1.0,1.0,0.0,1,0
0,0.0,1,0,1,1,2,2026,8,0,0.24586020987773177,0.0,0.24586020987773177,0.0,0.0,0.0,1,0
0,0.0,0,1,0,1,3,2026,8,0,0.24586020987773177,0.0,0.24586020987773177,0.0,0.0,0.0,0,0
0,0.0,1,1,0,1,1,2026,8,0,0.24586020987773177,0.0,0.6706894920945379,52.0,0.0,0.0,0,0
0,0.0,1,0,0,30,3,2026,8,0,0.24586020987773177,0.0,0.24586020987773177,0.0,0.0,0.0,1,0
0,0.0,1,0,0,15,4,2027,1,0,0.9036626311735824,3.0,0.9036626311735824,3.0,3.0,0.0,1,0
0,0.0,1,0,1,7,1,2026,8,0,0.24586020987773177,0.0,0.24586020987773177,0.0,0.0,0.0,1,0
0,0.0,1,0,1,1,4,2026,8,0,0.24586020987773177,0.0,0.24586020987773177,0.0,0.0,0.0,1,0
0,0.0,1,0,0,1,4,2026,8,0,0.24586020987773177,0.0,0.24586020987773177,0.0,0.0,0.0,1,0
0,0.0,1,0,0,11,5,2026,8,0,0.20488350823144316,1.0,0.20488350823144316,1.0,1.0,0.0,1,0
0,0.0,1,0,0,2,2,2026,8,0,0.24586020987773177,0.0,0.24586020987773177,0.0,0.0,0.0,1,0
0,0.0,1,0,0,11,2,2026,8,0,0.461328721341237,2.0,0.461328721341237,2.0,2.0,0.0,1,0
18,0.0,1,0,0,6,3,2026,8,0,1.0696656577933956,27.0,0.9349879491273907,53.0,27.0,1.0,1,1
0,0.0,1,0,0,6,2,2026,8,0,0.24586020987773177,0.0,0.24586020987773177,0.0,0.0,0.0,1,0
0,0.0,1,0,0,1,3,2026,8,0,0.24586020987773177,0.0,0.24586020987773177,0.0,0.0,0.0,1,0
0,0.0,1,0,0,1,2,2026,8,0,0.24586020987773177,0.0,0.24586020987773177,0.0,0.0,0.0,1,0
0,0.0,1,0,0,3,3,2026,8,0,0.24586020987773177,0.0,0.24586020987773177,0.0,0.0,0.0,1,0
0,0.0,1,0,0,13,4,2026,8,0,0.24586020987773177,0.0,0.17561443562695128,2.0,0.0,0.0,1,0
0,0.0,1,0,0,4,2,2026,8,0,0.24586020987773177,0.0,0.17561443562695128,2.0,0.0,0.0,0,0
0,0.0,1,0,0,12,2,2026,9,0,0.24586020987773177,0.0,0.35881122770985097,4.0,0.0,0.0,0,0
0,0.0,1,0,0,11,3,2026,8,0,0.24586020987773177,0.0,0.24586020987773177,0.0,0.0,0.0,1,0
0,0.0,1,0,0,1,4,2026,8,0,0.7229301049388659,5.0,0.5382168415647764,1.0,5.0,0.0,1,0
0,0.0,1,0,0,10,2,2026,8,0,0.20488350823144316,1.0,0.20488350823144316,1.0,1.0,0.0,1,0
0,0.0,1,0,0,3,4,2026,8,0,0.072311826434627,12.0,0.072311826434627,12.0,12.0,1.0,1,0
0,0.0,1,0,0,1,3,2026,8,0,0.24586020987773177,0.0,0.24586020987773177,0.0,0.0,0.0,0,0
0,0.0,1,0,0,30,2,2026,8,0,0.20488350823144316,1.0,0.20488350823144316,1.0,1.0,0.0,1,0
0,0.0,1,0,0,2,5,2026,8,0,0.24586020987773177,0.0,0.24586020987773177,0.0,0.0,0.0,1,0
0,0.0,1,1,0,1,2,2026,8,0,0.24586020987773177,0.0,0.24586020987773177,0.0,0.0,0.0,1,0
0,0.0,1,1,0,1,4,2026,8,0,0.24586020987773177,0.0,0.24586020987773177,0.0,0.0,0.0,1,0
0,0.0,1,0,0,4,3,2026,8,0,0.24586020987773177,0.0,0.24586020987773177,0.0,0.0,0.0,1,0
0,0.0,1,0,1,10,3,2026,8,0,0.20488350823144316,1.0,0.20488350823144316,1.0,1.0,0.0,1,0
0,0.0,1,0,0,11,2,2026,8,0,0.20488350823144316,1.0,0.17561443562695128,2.0,1.0,0.0,0,0
0,0.0,1,0,0,6,4,2026,8,0,0.24586020987773177,0.0,0.24586020987773177,0.0,0.0,0.0,1,0
0,0.0,1,0,0,10,4,2026,8,0,0.24586020987773177,0.0,0.20488350823144316,1.0,0.0,0.0,1,0
0,0.0,1,1,0,18,3,2026,8,0,0.24586020987773177,0.0,0.24586020987773177,0.0,0.0,0.0,0,0
0,0.0,1,0,0,2,1,2026,8,0,0.20488350823144316,1.0,0.20488350823144316,1.0,1.0,0.0,1,0
0,0.0,1,0,0,10,3,2026,8,0,0.24586020987773177,0.0,0.1714846961068199,8.0,0.0,0.0,1,0
0,0.0,1,0,0,7,3,2026,8,0,0.24586020987773177,0.0,0.24586020987773177,0.0,0.0,0.0,1,0
0,0.0,1,0,0,3,1,2026,8,0,0.20488350823144316,1.0,0.1857750874490549,7.0,1.0,0.0,0,0
0,0.0,1,0,0,1,3,2026,8,0,0.24586020987773177,0.0,0.24586020987773177,0.0,0.0,0.0,1,0
0,0.0,1,1,0,2,4,2026,8,0,0.24586020987773177,0.0,0.24586020987773177,0.0,0.0,0.0,1,0
0,0.0,1,0,0,1,2,2026,8,0,0.24586020987773177,0.0,0.24586020987773177,0.0,0.0,0.0,1,0
0,0.0,1,1,1,29,3,2026,8,0,0.17561443562695128,2.0,0.24586020987773177,0.0,2.0,0.0,0,0
0,0.0,1,0,1,1,2,2026,8,0,0.24586020987773177,0.0,0.24586020987773177,0.0,0.0,0.0,1,0
0,0.0,1,0,0,12,3,2026,8,0,0.24586020987773177,0.0,0.20488350823144316,1.0,0.0,0.0,0,0
0,0.0,1,0,0,1,2,2026,8,0,0.24586020987773177,0.0,0.24586020987773177,0.0,0.0,0.0,1,0
0,0.0,1,0,0,1,2,2026,8,0,0.20488350823144316,1.0,0.20488350823144316,1.0,1.0,0.0,1,0
0,0.0,1,0,0,1,8,2026,8,0,0.24586020987773177,0.0,0.24586020987773177,0.0,0.0,0.0,1,0
0,0.0,1,0,0,1,1,2026,8,0,0.24586020987773177,0.0,0.24586020987773177,0.0,0.0,0.0,1,0
0,0.0,1,0,0,14,2,2026,8,0,0.24586020987773177,0.0,0.24586020987773177,0.0,0.0,0.0,1,0
0,0.0,1,0,1,1,2,2026,8,0,0.24586020987773177,0.0,0.24586020987773177,0.0,0.0,0.0,1,0
0,0.0,1,0,0,1,3,2026,8,0,0.24586020987773177,0.0,0.24586020987773177,0.0,0.0,0.0,1,0
0,0.0,1,0,0,1,1,2026,8,0,0.20488350823144316,1.0,0.20488350823144316,1.0,1.0,0.0,1,0
0,0.0,1,0,0,1,2,2026,8,0,0.24586020987773177,0.0,0.24586020987773177,0.0,0.0,0.0,1,0
0,0.0,1,0,0,1,5,2026,8,0,0.24586020987773177,0.0,0.24586020987773177,0.0,0.0,0.0,1,0
0,0.0,1,0,0,2,3,2026,8,0,0.24586020987773177,0.0,0.24586020987773177,0.0,0.0,0.0,1,0
0,0.0,1,0,0,30,3,2026,8,0,0.20488350823144316,1.0,0.20488350823144316,1.0,1.0,0.0,1,0
0,0.0,1,0,0,1,2,2026,8,0,0.24586020987773177,0.0,0.24586020987773177,0.0,0.0,0.0,1,0
0,0.0,1,0,0,4,2,2026,8,0,0.24586020987773177,0.0,0.24586020987773177,0.0,0.0,0.0,1,0
0,0.0,1,0,0,24,3,2026,8,0,0.24586020987773177,0.0,0.24586020987773177,0.0,0.0,0.0,1,0
0,0.0,1,1,0,1,2,2026,8,0,0.17561443562695128,2.0,0.24586020987773177,0.0,2.0,0.0,0,0
0,0.0,1,0,0,1,2,2026,8,0,0.24586020987773177,0.0,0.24586020987773177,0.0,0.0,0.0,1,0
0,0.0,1,1,1,2,4,2026,8,0,0.24586020987773177,0.0,0.24586020987773177,0.0,0.0,0.0,1,0
0,0.0,1,0,0,21,5,2026,9,0,0.17561443562695128,2.0,0.17561443562695128,2.0,2.0,0.0,1,0
0,0.0,1,0,0,4,3,2026,8,0,0.24586020987773177,0.0,0.24586020987773177,0.0,0.0,0.0,1,0
0,0.0,1,0,0,1,3,2026,8,0,0.24586020987773177,0.0,0.24586020987773177,0.0,0.0,0.0,1,0
0,0.0,1,0,0,8,3,2026,9,0,0.7597816540691563,44.0,0.24586020987773177,0.0,44.0,1.0,1,0
0,0.0,1,0,0,103,4,2026,8,0,0.24586020987773177,0.0,0.24586020987773177,0.0,0.0,0.0,1,0
0,0.0,1,0,0,9,3,2027,1,0,0.24586020987773177,0.0,0.10244175411572158,7.0,0.0,0.0,0,0
0,0.0,1,0,0,2,2,2026,8,0,0.24586020987773177,0.0,0.24586020987773177,0.0,0.0,0.0,1,0
0,0.0,1,0,0,1,2,2026,8,0,0.24586020987773177,0.0,0.24586020987773177,0.0,0.0,0.0,1,0
0,0.0,1,0,0,1,3,2026,8,0,0.24586020987773177,0.0,0.24586020987773177,0.0,0.0,0.0,0,0
0,0.0,1,0,0,1,5,2026,8,0,0.24586020987773177,0.0,0.24586020987773177,0.0,0.0,0.0,1,0
0,0.0,1,0,0,6,3,2026,8,0,0.24586020987773177,0.0,0.24586020987773177,0.0,0.0,0.0,1,0
0,0.0,1,0,0,12,2,2026,8,0,0.24586020987773177,0.0,0.24586020987773177,0.0,0.0,0.0,1,0
0,0.0,1,0,0,1,2,2026,8,0,0.20488350823144316,1.0,0.20488350823144316,1.0,1.0,0.0,1,0
0,0.0,1,0,0,10,3,2026,8,0,0.24586020987773177,0.0,0.24586020987773177,0.0,0.0,0.0,1,0
0,0.0,1,0,0,3,2,2026,8,0,0.24586020987773177,0.0,0.24586020987773177,0.0,0.0,0.0,1,0
0,0.0,1,0,0,8,5,2026,8,0,0.24586020987773177,0.0,0.24586020987773177,0.0,0.0,0.0,1,0
0,0.0,1,1,1,22,2,2026,8,0,0.15366263117358236,3.0,0.17561443562695128,2.0,3.0,0.0,1,0
0,0.0,1,0,0,2,2,2026,8,0,0.24586020987773177,0.0,0.24586020987773177,0.0,0.0,0.0,1,0
0,0.0,1,1,1,15,3,2026,8,0,0.24586020987773177,0.0,0.24586020987773177,0.0,0.0,0.0,1,0
0,0.0,1,0,0,1,4,2026,8,0,0.24586020987773177,0.0,0.24586020987773177,0.0,0.0,0.0,1,0
0,0.0,1,0,0,5,4,2026,8,0,0.15366263117358236,3.0,0.13658900548762876,4.0,3.0,0.0,1,0
0,0.0,1,0,0,1,2,2026,8,0,0.24586020987773177,0.0,0.24586020987773177,0.0,0.0,0.0,1,0
0,0.0,1,1,0,7,5,2026,9,0,0.24586020987773177,0.0,0.24586020987773177,0.0,0.0,0.0,1,0
0,0.0,1,0,0,1,1,2026,8,0,0.24586020987773177,0.0,0.24586020987773177,0.0,0.0,0.0,1,0
0,0.0,1,0,0,21,4,2026,8,0,0.24586020987773177,0.0,0.24586020987773177,0.0,0.0,0.0,1,0
0,0.0,1,1,0,1,2,2026,8,0,0.24586020987773177,0.0,0.24586020987773177,0.0,0.0,0.0,1,0
0,0.0,1,1,0,31,1,2026,8,0,0.24586020987773177,0.0,0.24586020987773177,0.0,0.0,0.0,1,0
0,0.0,1,0,0,11,2,2026,9,0,0.12293010493886589,5.0,0.12293010493886589,5.0,5.0,0.0,1,0
0,0.0,1,0,0,2,2,2026,8,0,0.24586020987773177,0.0,0.24586020987773177,0.0,0.0,0.0,1,0
0,0.0,1,0,0,1,1,2026,8,0,0.20488350823144316,1.0,0.20488350823144316,1.0,1.0,0.0,1,0
0,0.0,1,0,0,17,3,2026,8,0,0.24586020987773177,0.0,0.24586020987773177,0.0,0.0,0.0,1,0
0,0.0,1,0,0,14,3,2026,8,0,0.24586020987773177,0.0,0.24586020987773177,0.0,0.0,0.0,1,0
0,0.0,1,0,0,1,3,2026,8,0,0.24586020987773177,0.0,0.20488350823144316,1.0,0.0,0.0,0,0
0,0.0,1,0,0,1,3,2026,8,0,0.24586020987773177,0.0,0.24586020987773177,0.0,0.0,0.0,1,0
0,0.0,1,0,0,14,1,2026,8,0,0.19538651484834213,32.0,0.20509557887530355,40.0,32.0,1.0,1,0
0,0.0,1,0,0,13,4,2026,8,0,0.24586020987773177,0.0,0.24586020987773177,0.0,0.0,0.0,1,0
0,0.0,1,1,1,1,2,2026,8,0,0.24586020987773177,0.0,0.24586020987773177,0.0,0.0,0.0,1,0
0,0.0,1,1,0,1,3,2026,8,0,0.24586020987773177,0.0,0.24586020987773177,0.0,0.0,0.0,1,0
0,0.0,1,0,0,12,8,2026,8,0,0.20488350823144316,1.0,0.20488350823144316,1.0,1.0,0.0,1,0
0,0.0,1,0,0,1,2,2026,8,0,0.24586020987773177,0.0,0.24586020987773177,0.0,0.0,0.0,1,0
0,0.0,1,0,0,1,1,2026,8,0,0.24586020987773177,0.0,0.24586020987773177,0.0,0.0,0.0,1,0
0,0.0,1,0,0,2,1,2026,8,0,0.24586020987773177,0.0,0.24586020987773177,0.0,0.0,0.0,1,0
0,0.0,1,1,0,5,2,2026,8,0,0.24586020987773177,0.0,0.24586020987773177,0.0,0.0,0.0,1,0
0,0.0,1,0,0,1,3,2026,8,0,0.24586020987773177,0.0,0.24586020987773177,0.0,0.0,0.0,0,0
0,0.0,1,0,0,1,2,2026,8,0,0.13658900548762876,4.0,0.13658900548762876,4.0,4.0,0.0,1,0
